0,0.550927,0.499057,0.439484,0.500943,0.545898,0.535523,0.428324,
0,0.550927,0.499057,0.439484,0.500943,0.545898,0.535523,0.428324,
1,0.54857,0,0,0.500314,0.544483,0.532694,0.426124,
2,0.54857,0,0,0.500314,0.544483,0.532694,0.426124,
3,0.54857,0,0,0.500314,0.544483,0.532694,0.426124,
4,0.54857,0,0,0.500314,0.544483,0.532694,0.426124,
5,0.54857,0,0,0.500314,0.544483,0.532694,0.426124,
6,0.54857,0,0,0.500314,0.544483,0.532694,0.426124,
7,0.54857,0,0,0.500314,0.544483,0.532694,0.426124,
8,0.54857,0,0,0.500314,0.544483,0.532694,0.426124,
9,0.546998,0,0,0.501257,0.548412,0.535681,0.426124,
10,0.548098,0,0,0.501886,0.547627,0.534423,0.424552,
11,0.544797,0,0,0.501886,0.551556,0.533952,0.421408,
12,0.544797,0,0,0.501886,0.551556,0.533952,0.421408,
13,0.544797,0,0,0.501886,0.551556,0.533952,0.421408,
14,0.544797,0,0,0.501886,0.551556,0.533952,0.421408,
15,0.544797,0,0,0.501886,0.551556,0.533952,0.421408,
16,0.544483,0,0,0.500786,0.552814,0.535366,0.427224,
17,0.544483,0,0,0.500786,0.552814,0.535366,0.427224,
18,0.544483,0,0,0.500786,0.552814,0.535366,0.427224,
19,0.545583,0,0,0.502358,0.553914,0.536152,0.42581,
20,0.546683,0,0,0.503301,0.552342,0.535523,0.420308,
21,0.546683,0,0,0.503301,0.552342,0.535523,0.420308,
22,0.546683,0,0,0.503301,0.552342,0.535523,0.420308,
23,0.546683,0,0,0.503301,0.552342,0.535523,0.420308,
24,0.546683,0,0,0.503301,0.552342,0.535523,0.420308,
25,0.546683,0,0,0.503301,0.552342,0.535523,0.420308,
26,0.546683,0,0,0.503301,0.552342,0.535523,0.420308,
27,0.546683,0,0,0.503301,0.552342,0.535523,0.420308,
28,0.546683,0,0,0.503301,0.552342,0.535523,0.420308,
29,0.548412,0,0,0.504087,0.553128,0.536467,0.419365,
30,0.550613,0,0,0.507388,0.5558,0.536781,0.422666,
31,0.550613,0,0,0.507388,0.5558,0.536781,0.422666,
32,0.550613,0,0,0.507388,0.5558,0.536781,0.422666,
33,0.549356,0,0,0.507702,0.5558,0.538196,0.421094,
34,0.549356,0,0,0.507702,0.5558,0.538196,0.421094,
35,0.549356,0,0,0.507702,0.5558,0.538196,0.421094,
36,0.549356,0,0,0.507702,0.5558,0.538196,0.421094,
37,0.551242,0,0,0.510217,0.5558,0.53961,0.419679,
38,0.551242,0,0,0.510217,0.5558,0.53961,0.419679,
39,0.54967,0,0,0.506759,0.556114,0.541339,0.418265,
40,0.54967,0,0,0.506759,0.556114,0.541339,0.418265,
41,0.54967,0,0,0.506759,0.556114,0.541339,0.418265,
42,0.54967,0,0,0.506759,0.556114,0.541339,0.418265,
43,0.54967,0,0,0.506759,0.556114,0.541339,0.418265,
44,0.54967,0,0,0.506759,0.555014,0.539925,0.418265,
45,0.54967,0,0,0.506759,0.555014,0.539925,0.418265,
46,0.551242,0,0,0.507545,0.5569,0.535838,0.417322,
47,0.551242,0,0,0.507545,0.5569,0.535838,0.417322,
48,0.551242,0,0,0.507545,0.5569,0.535838,0.417322,
49,0.550613,0,0,0.506445,0.557057,0.53851,0.419837,
50,0.550613,0,0,0.506445,0.557057,0.53851,0.419837,
51,0.550613,0,0,0.506445,0.557057,0.53851,0.419837,
52,0.550613,0,0,0.506445,0.557057,0.53851,0.419837,
53,0.550613,0,0,0.506445,0.557057,0.53851,0.419837,
54,0.550927,0,0,0.508174,0.556586,0.539296,0.420465,
55,0.55077,0,0,0.512417,0.554228,0.539767,0.420622,
56,0.548884,0,0,0.513203,0.556272,0.540868,0.419051,
57,0.548884,0,0,0.513203,0.556272,0.540868,0.419051,
58,0.548884,0,0,0.513203,0.556272,0.540868,0.419051,
59,0.548884,0,0,0.513203,0.556272,0.540868,0.419051,
60,0.549198,0,0,0.509745,0.557057,0.541811,0.419994,
61,0.549198,0,0,0.509745,0.557057,0.541811,0.419994,
62,0.549198,0,0,0.509745,0.557057,0.541811,0.419994,
63,0.549198,0,0,0.509745,0.557057,0.541811,0.419994,
64,0.549198,0,0,0.509745,0.557057,0.541811,0.419994,
65,0.549198,0,0,0.509745,0.557057,0.541811,0.419994,
66,0.549198,0,0,0.509745,0.557057,0.541811,0.419994,
67,0.549198,0,0,0.509745,0.557057,0.541811,0.419994,
68,0.549198,0,0,0.509745,0.557057,0.541811,0.419994,
69,0.549198,0,0,0.509745,0.557057,0.541811,0.419994,
70,0.549198,0,0,0.509745,0.557057,0.541811,0.419994,
71,0.549198,0,0,0.509745,0.557057,0.541811,0.419994,
72,0.549198,0,0,0.509745,0.557057,0.541811,0.419994,
73,0.547469,0,0,0.509903,0.553285,0.542439,0.418736,
74,0.547469,0,0,0.509903,0.553285,0.542439,0.418736,
75,0.547469,0,0,0.509903,0.553285,0.542439,0.418736,
76,0.547469,0,0,0.509903,0.553285,0.542439,0.418736,
77,0.546526,0,0,0.511317,0.551399,0.547469,0.420308,
78,0.546526,0,0,0.511317,0.551399,0.547469,0.420308,
79,0.546526,0,0,0.511317,0.551399,0.547469,0.420308,
80,0.546526,0,0,0.511317,0.551399,0.547469,0.420308,
81,0.547627,0,0,0.512417,0.552499,0.549198,0.421566,
82,0.547627,0,0,0.512417,0.552499,0.549198,0.421566,
83,0.547627,0,0,0.512417,0.552499,0.549198,0.421566,
84,0.547627,0,0,0.512417,0.552499,0.549198,0.421566,
85,0.545426,0,0,0.514618,0.553285,0.546055,0.422351,
86,0.545426,0,0,0.514618,0.553285,0.546055,0.422351,
87,0.545426,0,0,0.514618,0.553285,0.546055,0.422351,
88,0.545426,0,0,0.514618,0.553128,0.546055,0.422351,
89,0.545426,0,0,0.514618,0.553128,0.546055,0.422351,
90,0.546526,0,0,0.514775,0.551399,0.539767,0.422351,
91,0.546526,0,0,0.514775,0.551399,0.539767,0.422351,
92,0.546526,0,0,0.514775,0.551399,0.539767,0.422351,
93,0.546526,0,0,0.514775,0.551399,0.539767,0.422351,
94,0.546526,0,0,0.514775,0.551399,0.539767,0.422351,
95,0.546526,0,0,0.514775,0.551399,0.539767,0.422351,
96,0.546526,0,0,0.514775,0.551399,0.539767,0.422351,
97,0.546526,0,0,0.514775,0.551399,0.539767,0.422351,
98,0.546526,0,0,0.514775,0.551399,0.539767,0.422351,
99,0.546526,0,0,0.514775,0.551399,0.539767,0.422351,
100,0.546526,0,0,0.514775,0.551399,0.539767,0.422351,
101,0.546526,0,0,0.514775,0.551399,0.539767,0.422351,
102,0.546526,0,0,0.514775,0.551399,0.539767,0.422351,
103,0.55077,0,0,0.515718,0.55077,0.541811,0.422823,
104,0.55077,0,0,0.515718,0.55077,0.541811,0.422823,
105,0.55077,0,0,0.515718,0.55077,0.541811,0.422823,
106,0.55077,0,0,0.515718,0.55077,0.541811,0.422823,
107,0.55077,0,0,0.515718,0.55077,0.541811,0.422823,
108,0.55077,0,0,0.515718,0.55077,0.541811,0.422823,
109,0.55077,0,0,0.515718,0.55077,0.541811,0.422823,
110,0.55077,0,0,0.515718,0.55077,0.541811,0.422823,
111,0.55077,0,0,0.515718,0.55077,0.541811,0.422823,
112,0.550927,0,0,0.515561,0.552971,0.540396,0.424866,
113,0.550927,0,0,0.515561,0.552971,0.540396,0.424866,
114,0.550927,0,0,0.515561,0.552971,0.540396,0.424866,
115,0.550927,0,0,0.515561,0.552971,0.540396,0.424866,
116,0.550927,0,0,0.515561,0.552971,0.540396,0.424866,
117,0.549513,0,0,0.511789,0.555014,0.539767,0.419679,
118,0.549513,0,0,0.511789,0.555014,0.539767,0.419679,
119,0.549513,0,0,0.511789,0.555014,0.539767,0.419679,
120,0.549513,0,0,0.511789,0.555014,0.539767,0.419679,
121,0.549513,0,0,0.511789,0.555014,0.539767,0.419679,
122,0.549513,0,0,0.511789,0.555014,0.539767,0.419679,
123,0.550613,0,0,0.509117,0.555486,0.541339,0.418893,
124,0.550613,0,0,0.509117,0.555486,0.541339,0.418893,
125,0.550613,0,0,0.509117,0.555486,0.541339,0.418893,
126,0.550613,0,0,0.509117,0.555486,0.541339,0.418893,
127,0.550613,0,0,0.509117,0.555486,0.541339,0.418893,
128,0.550613,0,0,0.509117,0.555486,0.541339,0.418893,
129,0.550613,0,0,0.509117,0.555486,0.541339,0.418893,
130,0.550613,0,0,0.509117,0.555486,0.541339,0.418893,
131,0.550613,0,0,0.509117,0.555486,0.541339,0.418893,
132,0.550613,0,0,0.508802,0.555014,0.541025,0.418893,
133,0.550613,0,0,0.508802,0.555014,0.541025,0.418893,
134,0.550613,0,0,0.508802,0.555014,0.541025,0.418893,
135,0.547784,0,0,0.510217,0.552499,0.54354,0.419208,
136,0.547784,0,0,0.510217,0.552499,0.54354,0.419208,
137,0.547784,0,0,0.510217,0.552499,0.54354,0.419208,
138,0.547784,0,0,0.510217,0.552499,0.54354,0.419208,
139,0.547784,0,0,0.510217,0.552499,0.54354,0.419208,
140,0.547784,0,0,0.510217,0.552499,0.54354,0.419208,
141,0.547784,0,0,0.510217,0.552499,0.54354,0.419208,
142,0.547784,0,0,0.51006,0.552028,0.54354,0.419208,
143,0.550299,0,0,0.508959,0.551556,0.54071,0.419051,
144,0.550299,0,0,0.508959,0.551556,0.54071,0.419051,
145,0.550299,0,0,0.508959,0.551556,0.54071,0.419051,
146,0.550299,0,0,0.508959,0.551556,0.54071,0.419051,
147,0.550299,0,0,0.508959,0.551085,0.540553,0.419051,
148,0.550299,0,0,0.508959,0.551085,0.540553,0.419051,
149,0.548412,0,0,0.506287,0.552028,0.541182,0.42078,
150,0.548412,0,0,0.506287,0.552028,0.541182,0.42078,
151,0.548412,0,0,0.506287,0.552028,0.541182,0.42078,
152,0.548412,0,0,0.506287,0.552028,0.541182,0.42078,
153,0.548412,0,0,0.506287,0.552028,0.541182,0.42078,
154,0.548412,0,0,0.506287,0.552028,0.541182,0.42078,
155,0.548412,0,0,0.506287,0.552028,0.541182,0.42078,
156,0.548412,0,0,0.506287,0.552028,0.541182,0.42078,
157,0.546683,0,0,0.505973,0.552342,0.541496,0.418579,
158,0.546683,0,0,0.505973,0.552342,0.541496,0.418579,
159,0.546683,0,0,0.505973,0.552342,0.541496,0.418579,
160,0.546683,0,0,0.505973,0.552342,0.541496,0.418579,
161,0.546683,0,0,0.505973,0.552342,0.541496,0.418579,
162,0.546683,0,0,0.505973,0.552342,0.541496,0.418579,
163,0.549041,0,0,0.502829,0.549356,0.540553,0.417479,
164,0.549041,0,0,0.502829,0.549356,0.540553,0.417479,
165,0.549041,0,0,0.502829,0.549356,0.540553,0.417479,
166,0.549041,0,0,0.502829,0.549356,0.540553,0.417479,
167,0.549041,0,0,0.502829,0.549356,0.539925,0.417479,
168,0.549041,0,0,0.502829,0.549356,0.539925,0.417479,
169,0.549984,0,0,0.503458,0.546998,0.542439,0.418422,
170,0.549984,0,0,0.503458,0.546998,0.542439,0.418422,
171,0.549984,0,0,0.503458,0.546998,0.542439,0.418422,
172,0.549984,0,0,0.503458,0.546998,0.542439,0.418422,
173,0.549984,0,0,0.503458,0.546998,0.542439,0.418422,
174,0.549984,0,0,0.503458,0.546998,0.542439,0.418422,
175,0.549984,0,0,0.507073,0.546683,0.540868,0.420308,
176,0.549984,0,0,0.507073,0.546683,0.540868,0.420308,
177,0.549984,0,0,0.507073,0.546683,0.540868,0.420308,
178,0.546841,0,0,0.507388,0.546212,0.540082,0.422666,
179,0.546841,0,0,0.507388,0.546212,0.540082,0.422666,
180,0.547941,0,0,0.506916,0.546683,0.539139,0.421251,
181,0.547312,0,0,0.506916,0.546683,0.538667,0.421251,
182,0.547312,0,0,0.506916,0.546683,0.538667,0.421251,
183,0.547312,0,0,0.506916,0.546683,0.538667,0.421251,
184,0.548098,0,0,0.503458,0.543854,0.54354,0.417793,
185,0.548098,0,0,0.503458,0.543854,0.54354,0.417793,
186,0.548098,0,0,0.503458,0.543854,0.54354,0.417793,
187,0.548098,0,0,0.503458,0.543854,0.54354,0.417793,
188,0.548098,0,0,0.503458,0.543854,0.54354,0.417793,
189,0.549198,0,0,0.505344,0.54354,0.542282,0.416064,
190,0.549198,0,0,0.505344,0.54354,0.542282,0.416064,
191,0.547941,0,0,0.502829,0.548727,0.543068,0.414492,
192,0.547941,0,0,0.502829,0.548727,0.543068,0.414492,
193,0.547941,0,0,0.502829,0.548727,0.543068,0.414492,
194,0.547941,0,0,0.502829,0.548727,0.543068,0.414492,
195,0.547941,0,0,0.502829,0.548412,0.543068,0.414492,
196,0.547941,0,0,0.502829,0.548412,0.543068,0.414492,
197,0.54857,0,0,0.501886,0.549356,0.546212,0.414649,
198,0.54857,0,0,0.501886,0.549356,0.546212,0.414649,
199,0.54857,0,0,0.501886,0.549356,0.546212,0.414649,
200,0.54857,0,0,0.501886,0.549356,0.546212,0.414649,
201,0.54857,0,0,0.501886,0.549356,0.546212,0.414649,
202,0.54857,0,0,0.501886,0.549356,0.546212,0.414649,
203,0.54857,0,0,0.501886,0.549356,0.546212,0.414649,
204,0.552656,0,0,0.5011,0.548412,0.54464,0.414178,
205,0.552656,0,0,0.5011,0.548412,0.54464,0.414178,
206,0.552814,0,0,0.500472,0.550613,0.544797,0.415593,
207,0.550927,0,0,0.501572,0.548255,0.54354,0.416536,
208,0.550927,0,0,0.501572,0.548255,0.54354,0.416536,
209,0.550927,0,0,0.501572,0.547784,0.543225,0.416536,
210,0.550927,0,0,0.501572,0.547784,0.543225,0.416536,
211,0.550927,0,0,0.501572,0.547784,0.543225,0.416536,
212,0.550927,0,0,0.501572,0.547784,0.543225,0.416536,
213,0.550927,0,0,0.501572,0.547784,0.543225,0.416536,
214,0.550927,0,0,0.501572,0.547784,0.543225,0.416536,
215,0.550927,0,0,0.501572,0.547784,0.543225,0.416536,
216,0.550927,0,0,0.501572,0.547784,0.543225,0.416536,
217,0.550927,0,0,0.501572,0.547784,0.543225,0.416536,
218,0.550927,0,0,0.501572,0.547784,0.543225,0.416536,
219,0.550927,0,0,0.501572,0.547784,0.543225,0.416536,
220,0.550927,0,0,0.501572,0.547784,0.543225,0.416536,
221,0.550927,0,0,0.501572,0.547784,0.543225,0.416536,
222,0.550927,0,0,0.501572,0.547784,0.543225,0.416536,
223,0.550927,0,0,0.501572,0.547784,0.543225,0.416536,
224,0.550927,0,0,0.501572,0.547784,0.543225,0.416536,
225,0.550927,0,0,0.501572,0.547784,0.543225,0.416536,
226,0.550927,0,0,0.501572,0.547784,0.543225,0.416536,
227,0.550927,0,0,0.501572,0.547784,0.543225,0.416536,
228,0.550927,0,0,0.501572,0.547784,0.543225,0.416536,
229,0.550927,0,0,0.501572,0.547784,0.543225,0.416536,
230,0.550927,0,0,0.501572,0.547784,0.543225,0.416536,
231,0.550927,0,0,0.501572,0.547784,0.543225,0.416536,
232,0.552814,0,0,0.5011,0.54967,0.539767,0.416378,
233,0.552814,0,0,0.5011,0.54967,0.539767,0.416378,
234,0.552814,0,0,0.5011,0.54967,0.539767,0.416378,
235,0.554228,0,0,0.501257,0.551242,0.535209,0.417164,
236,0.554228,0,0,0.501257,0.551242,0.535209,0.417164,
237,0.554228,0,0,0.501257,0.551242,0.535209,0.417164,
238,0.554228,0,0,0.501257,0.551242,0.535209,0.417164,
239,0.554228,0,0,0.501257,0.551242,0.535209,0.417164,
240,0.554228,0,0,0.501257,0.551242,0.535209,0.417164,
241,0.554228,0,0,0.501257,0.551242,0.535209,0.417164,
242,0.554228,0,0,0.501257,0.551242,0.535209,0.417164,
243,0.554228,0,0,0.501257,0.551242,0.535209,0.417164,
244,0.554228,0,0,0.501257,0.551242,0.535209,0.417164,
245,0.554228,0,0,0.501257,0.551242,0.535209,0.417164,
246,0.555957,0,0,0.502043,0.554071,0.534738,0.417479,
247,0.555957,0,0,0.502043,0.553914,0.534738,0.417479,
248,0.559258,0,0,0.503615,0.555328,0.533794,0.417007,
249,0.559258,0,0,0.503615,0.555328,0.533794,0.417007,
250,0.559258,0,0,0.503615,0.555328,0.533794,0.417007,
251,0.559258,0,0,0.503615,0.555328,0.533794,0.417007,
252,0.563188,0,0,0.506916,0.553599,0.533637,0.414492,
253,0.562402,0,0,0.508488,0.554385,0.532694,0.416378,
254,0.564602,0,0,0.508645,0.553599,0.532223,0.413864,
255,0.564602,0,0,0.508645,0.553599,0.532223,0.413864,
256,0.562087,0,0,0.510846,0.54857,0.53238,0.412763,
257,0.562087,0,0,0.510846,0.54857,0.53238,0.412763,
258,0.562087,0,0,0.510846,0.54857,0.53238,0.412763,
259,0.562087,0,0,0.510846,0.54857,0.53238,0.412763,
260,0.56193,0,0,0.510846,0.547627,0.53238,0.412763,
261,0.56193,0,0,0.510846,0.547627,0.53238,0.412763,
262,0.56193,0,0,0.510846,0.547627,0.53238,0.412763,
263,0.56193,0,0,0.510846,0.547627,0.53238,0.412763,
264,0.56193,0,0,0.510846,0.547627,0.53238,0.412763,
265,0.56193,0,0,0.510846,0.547627,0.53238,0.412763,
266,0.56193,0,0,0.510846,0.547627,0.53238,0.412763,
267,0.56193,0,0,0.510846,0.547627,0.53238,0.412763,
268,0.56193,0,0,0.510846,0.547627,0.53238,0.412763,
269,0.56193,0,0,0.510846,0.547627,0.53238,0.412763,
270,0.56193,0,0,0.510846,0.547627,0.53238,0.412763,
271,0.56193,0,0,0.510846,0.547627,0.53238,0.412763,
272,0.56193,0,0,0.510846,0.547627,0.53238,0.412763,
273,0.56193,0,0,0.510846,0.547627,0.53238,0.412763,
274,0.56193,0,0,0.510846,0.547627,0.53238,0.412763,
275,0.561773,0,0,0.510688,0.549984,0.53348,0.412763,
276,0.561773,0,0,0.510688,0.549984,0.53348,0.412763,
277,0.561773,0,0,0.510688,0.549984,0.53348,0.412763,
278,0.561773,0,0,0.510688,0.549984,0.53348,0.412763,
279,0.559258,0,0,0.510531,0.550613,0.532537,0.408205,
280,0.559258,0,0,0.510531,0.550613,0.532537,0.408205,
281,0.558158,0,0,0.511003,0.55077,0.531908,0.407733,
282,0.558001,0,0,0.510688,0.550299,0.531908,0.407733,
283,0.558001,0,0,0.510688,0.550299,0.531908,0.407733,
284,0.558001,0,0,0.510688,0.550299,0.531908,0.407733,
285,0.558001,0,0,0.510688,0.550299,0.531908,0.407733,
286,0.558001,0,0,0.510688,0.550299,0.531908,0.407733,
287,0.558001,0,0,0.510688,0.550299,0.531908,0.407733,
288,0.556272,0,0,0.51226,0.55077,0.529079,0.406633,
289,0.556272,0,0,0.51226,0.55077,0.529079,0.406633,
290,0.556272,0,0,0.51226,0.55077,0.529079,0.406633,
291,0.556272,0,0,0.51226,0.55077,0.529079,0.406633,
292,0.556272,0,0,0.51226,0.55077,0.529079,0.406633,
293,0.556272,0,0,0.51226,0.55077,0.529079,0.406633,
294,0.556272,0,0,0.51226,0.55077,0.529079,0.406633,
295,0.556272,0,0,0.51226,0.55077,0.529079,0.406633,
296,0.556272,0,0,0.51226,0.55077,0.529079,0.406633,
297,0.556429,0,0,0.508331,0.551713,0.530179,0.406633,
298,0.556429,0,0,0.508331,0.551713,0.530179,0.406633,
299,0.555014,0,0,0.508016,0.551085,0.527664,0.406633,
300,0.555014,0,0,0.508016,0.551085,0.527664,0.406633,
301,0.555014,0,0,0.508016,0.551085,0.527664,0.406633,
302,0.555014,0,0,0.508016,0.551085,0.527664,0.406633,
303,0.555014,0,0,0.508016,0.551085,0.527664,0.406633,
304,0.555014,0,0,0.508016,0.551085,0.527664,0.406633,
305,0.555014,0,0,0.508016,0.551085,0.527664,0.406633,
306,0.5569,0,0,0.505659,0.549984,0.528922,0.411663,
307,0.5569,0,0,0.505659,0.549984,0.528922,0.411663,
308,0.5569,0,0,0.505659,0.549984,0.528922,0.411663,
309,0.5569,0,0,0.505659,0.549984,0.528922,0.411663,
310,0.5569,0,0,0.505659,0.549984,0.528922,0.411663,
311,0.5569,0,0,0.505659,0.549984,0.528922,0.411663,
312,0.5569,0,0,0.505659,0.549984,0.528922,0.411663,
313,0.5569,0,0,0.505659,0.549984,0.528922,0.411663,
314,0.554385,0,0,0.505659,0.551713,0.530179,0.411977,
315,0.558315,0,0,0.503301,0.550927,0.529236,0.410091,
316,0.558315,0,0,0.503301,0.550927,0.529236,0.410091,
317,0.558315,0,0,0.503301,0.550927,0.529236,0.410091,
318,0.558315,0,0,0.503301,0.550927,0.529236,0.410091,
319,0.558315,0,0,0.505344,0.556114,0.528293,0.40962,
320,0.558001,0,0,0.505187,0.553285,0.528922,0.405847,
321,0.558001,0,0,0.505187,0.553285,0.528922,0.405847,
322,0.554543,0,0,0.503144,0.553757,0.526407,0.40962,
323,0.554543,0,0,0.503144,0.553757,0.526407,0.40962,
324,0.554543,0,0,0.503144,0.553757,0.526407,0.40962,
325,0.554543,0,0,0.503144,0.553757,0.526407,0.40962,
326,0.552028,0,0,0.504401,0.5547,0.527036,0.411191,
327,0.552028,0,0,0.504401,0.5547,0.527036,0.411191,
328,0.55187,0,0,0.504244,0.554385,0.527036,0.411191,
329,0.55187,0,0,0.504244,0.554385,0.527036,0.411191,
330,0.550613,0,0,0.503772,0.554228,0.525621,0.411977,
331,0.550613,0,0,0.503772,0.554228,0.525621,0.411977,
332,0.550613,0,0,0.503772,0.554228,0.525621,0.411977,
333,0.550613,0,0,0.503772,0.554228,0.525621,0.411977,
334,0.550613,0,0,0.503772,0.554228,0.525621,0.411977,
335,0.550613,0,0,0.503772,0.554228,0.525621,0.411977,
336,0.550613,0,0,0.503772,0.554228,0.525621,0.411977,
337,0.550613,0,0,0.503772,0.554228,0.525621,0.411977,
338,0.550613,0,0,0.503772,0.554228,0.525621,0.411977,
339,0.550613,0,0,0.503772,0.554228,0.525621,0.411977,
340,0.550613,0,0,0.503772,0.554228,0.525621,0.411977,
341,0.55077,0,0,0.505659,0.555171,0.52625,0.411977,
342,0.55077,0,0,0.505659,0.555171,0.52625,0.411977,
343,0.55077,0,0,0.505659,0.555171,0.52625,0.411977,
344,0.550613,0,0,0.507073,0.557843,0.522477,0.408991,
345,0.550613,0,0,0.507073,0.557843,0.522477,0.408991,
346,0.550613,0,0,0.507073,0.557843,0.522477,0.408991,
347,0.550613,0,0,0.507073,0.557843,0.522477,0.408991,
348,0.552814,0,0,0.509903,0.55973,0.522792,0.406633,
349,0.550299,0,0,0.511317,0.560358,0.521534,0.409148,
350,0.550299,0,0,0.511317,0.560358,0.521534,0.409148,
351,0.549827,0,0,0.511003,0.560201,0.521534,0.409148,
352,0.549827,0,0,0.511003,0.560201,0.521534,0.409148,
353,0.55077,0,0,0.511003,0.558472,0.523892,0.408991,
354,0.55077,0,0,0.511003,0.558472,0.523892,0.408991,
355,0.55077,0,0,0.511003,0.558472,0.523892,0.408991,
356,0.552814,0,0,0.509588,0.55973,0.524049,0.406947,
357,0.552656,0,0,0.509588,0.559572,0.524049,0.406947,
358,0.552656,0,0,0.509588,0.559572,0.524049,0.406947,
359,0.552656,0,0,0.509588,0.559572,0.524049,0.406947,
360,0.552656,0,0,0.509588,0.559572,0.524049,0.406947,
361,0.552656,0,0,0.513832,0.560358,0.522792,0.40679,
362,0.552656,0,0,0.513832,0.560358,0.522792,0.40679,
363,0.552656,0,0,0.513832,0.560358,0.522792,0.40679,
364,0.552656,0,0,0.513832,0.560358,0.522792,0.40679,
365,0.552656,0,0,0.513832,0.560358,0.522792,0.40679,
366,0.552656,0,0,0.513832,0.560358,0.522792,0.40679,
367,0.552656,0,0,0.513832,0.560358,0.522792,0.40679,
368,0.552656,0,0,0.513832,0.560358,0.522792,0.40679,
369,0.552656,0,0,0.513832,0.560358,0.522792,0.40679,
370,0.552656,0,0,0.513832,0.560358,0.522792,0.40679,
371,0.552656,0,0,0.513832,0.560358,0.522792,0.40679,
372,0.552656,0,0,0.513832,0.560358,0.522792,0.40679,
373,0.552656,0,0,0.513832,0.560358,0.522792,0.40679,
374,0.552656,0,0,0.513832,0.560358,0.522792,0.40679,
375,0.552656,0,0,0.513832,0.560358,0.522792,0.40679,
376,0.55187,0,0,0.511317,0.560044,0.524521,0.406947,
377,0.55187,0,0,0.511317,0.560044,0.524521,0.406947,
378,0.553285,0,0,0.511789,0.560987,0.524835,0.406004,
379,0.552499,0,0,0.510846,0.558944,0.524678,0.405061,
380,0.552499,0,0,0.510846,0.558944,0.524678,0.405061,
381,0.552499,0,0,0.510846,0.558944,0.524678,0.405061,
382,0.552499,0,0,0.510846,0.558944,0.524678,0.405061,
383,0.552499,0,0,0.510846,0.558944,0.524678,0.405061,
384,0.552499,0,0,0.510846,0.558944,0.524678,0.405061,
385,0.55187,0,0,0.510846,0.558629,0.524678,0.405061,
386,0.550613,0,0,0.512103,0.557529,0.526721,0.40569,
387,0.550613,0,0,0.512103,0.557529,0.526721,0.40569,
388,0.550613,0,0,0.512103,0.557529,0.526721,0.40569,
389,0.550613,0,0,0.512103,0.557529,0.526721,0.40569,
390,0.550613,0,0,0.512103,0.557529,0.526721,0.40569,
391,0.550613,0,0,0.512103,0.557529,0.526721,0.40569,
392,0.550613,0,0,0.512103,0.557529,0.526721,0.40569,
393,0.551556,0,0,0.514304,0.55973,0.526092,0.403804,
394,0.551556,0,0,0.514304,0.55973,0.526092,0.403804,
395,0.551556,0,0,0.514304,0.55973,0.526092,0.403804,
396,0.551556,0,0,0.514304,0.55973,0.526092,0.403804,
397,0.549198,0,0,0.519019,0.560516,0.530336,0.404747,
398,0.548727,0,0,0.518548,0.560516,0.530336,0.404747,
399,0.548727,0,0,0.518548,0.560516,0.530336,0.404747,
400,0.548727,0,0,0.518548,0.560516,0.530336,0.404747,
401,0.548727,0,0,0.518548,0.560516,0.530336,0.404747,
402,0.548727,0,0,0.518548,0.560516,0.530336,0.404747,
403,0.548727,0,0,0.518548,0.560516,0.530336,0.404747,
404,0.548727,0,0,0.518548,0.560516,0.530336,0.404747,
405,0.548727,0,0,0.518548,0.560516,0.530336,0.404747,
406,0.547469,0,0,0.518076,0.559101,0.530965,0.406476,
407,0.547469,0,0,0.518076,0.559101,0.530965,0.406476,
408,0.547469,0,0,0.518076,0.559101,0.530965,0.406476,
409,0.545583,0,0,0.518076,0.563502,0.525778,0.408677,
410,0.545583,0,0,0.518076,0.563502,0.525778,0.408677,
411,0.545583,0,0,0.518076,0.563502,0.525778,0.408677,
412,0.545583,0,0,0.518076,0.563502,0.525778,0.408677,
413,0.545583,0,0,0.518076,0.563502,0.525778,0.408677,
414,0.545583,0,0,0.518076,0.563502,0.525778,0.408677,
415,0.545583,0,0,0.518076,0.563502,0.525778,0.408677,
416,0.545426,0,0,0.517133,0.566803,0.527507,0.406947,
417,0.545426,0,0,0.517133,0.566803,0.527507,0.406947,
418,0.545426,0,0,0.517133,0.566803,0.527507,0.406947,
419,0.546526,0,0,0.513675,0.564288,0.527193,0.405376,
420,0.546526,0,0,0.513675,0.564288,0.527193,0.405376,
421,0.546526,0,0,0.513675,0.564288,0.527193,0.405376,
422,0.546526,0,0,0.513675,0.564288,0.527193,0.405376,
423,0.546526,0,0,0.513675,0.564288,0.527193,0.405376,
424,0.546526,0,0,0.513675,0.564288,0.527193,0.405376,
425,0.546526,0,0,0.513675,0.564288,0.527193,0.405376,
426,0.546526,0,0,0.513675,0.564288,0.527193,0.405376,
427,0.547627,0,0,0.516347,0.564288,0.529708,0.405847,
428,0.547627,0,0,0.516347,0.564288,0.529708,0.405847,
429,0.547627,0,0,0.516347,0.564288,0.529708,0.405847,
430,0.548884,0,0,0.518076,0.563502,0.529393,0.402546,
431,0.548884,0,0,0.518076,0.563502,0.529393,0.402546,
432,0.548255,0,0,0.516347,0.563502,0.527979,0.402546,
433,0.548255,0,0,0.516347,0.563502,0.527979,0.402546,
434,0.55187,0,0,0.520905,0.564288,0.52735,0.399246,
435,0.55187,0,0,0.520905,0.564288,0.52735,0.399246,
436,0.553442,0,0,0.524992,0.564602,0.529079,0.402075,
437,0.553442,0,0,0.524992,0.564602,0.529079,0.402075,
438,0.553442,0,0,0.524992,0.564602,0.529079,0.402075,
439,0.553442,0,0,0.524992,0.563974,0.529079,0.402075,
440,0.553442,0,0,0.524992,0.563974,0.529079,0.402075,
441,0.553442,0,0,0.524992,0.563974,0.529079,0.402075,
442,0.553442,0,0,0.524992,0.563974,0.529079,0.402075,
443,0.553442,0,0,0.524992,0.563974,0.529079,0.402075,
444,0.553442,0,0,0.524992,0.563974,0.529079,0.402075,
445,0.553599,0,0,0.524992,0.562873,0.52625,0.406633,
446,0.554857,0,0,0.525621,0.562402,0.525935,0.408048,
447,0.554857,0,0,0.525621,0.562402,0.525935,0.408048,
448,0.554857,0,0,0.525621,0.562402,0.525935,0.408048,
449,0.5558,0,0,0.525307,0.560044,0.528607,0.408677,
450,0.557215,0,0,0.526407,0.558472,0.527036,0.406476,
451,0.557215,0,0,0.526407,0.558472,0.527036,0.406476,
452,0.557215,0,0,0.526407,0.558472,0.527036,0.406476,
453,0.557215,0,0,0.526407,0.558472,0.527036,0.406476,
454,0.557215,0,0,0.526407,0.558472,0.527036,0.406476,
455,0.557215,0,0,0.526407,0.558472,0.527036,0.406476,
456,0.557215,0,0,0.526407,0.558472,0.527036,0.406476,
457,0.557215,0,0,0.526407,0.558472,0.527036,0.406476,
458,0.557215,0,0,0.526407,0.558472,0.527036,0.406476,
459,0.558158,0,0,0.528765,0.559415,0.529079,0.404904,
460,0.558158,0,0,0.528765,0.559415,0.529079,0.404904,
461,0.558158,0,0,0.528765,0.559415,0.529079,0.404904,
462,0.558158,0,0,0.528765,0.559415,0.529079,0.404904,
463,0.558158,0,0,0.528765,0.559415,0.529079,0.404904,
464,0.558158,0,0,0.52845,0.559101,0.528922,0.404904,
465,0.558158,0,0,0.52845,0.559101,0.528922,0.404904,
466,0.558158,0,0,0.52845,0.559101,0.528922,0.404904,
467,0.560673,0,0,0.524992,0.557686,0.531437,0.405061,
468,0.560673,0,0,0.524992,0.557686,0.531437,0.405061,
469,0.560673,0,0,0.524992,0.557686,0.531437,0.405061,
470,0.560673,0,0,0.524992,0.557686,0.531437,0.405061,
471,0.560673,0,0,0.524992,0.557686,0.531437,0.405061,
472,0.560673,0,0,0.524992,0.557686,0.531437,0.405061,
473,0.560358,0,0,0.523578,0.555957,0.533637,0.406476,
474,0.560358,0,0,0.523578,0.555957,0.533637,0.406476,
475,0.560358,0,0,0.523578,0.555957,0.533637,0.406476,
476,0.560358,0,0,0.523578,0.555957,0.533637,0.406476,
477,0.560358,0,0,0.523578,0.555957,0.533637,0.406476,
478,0.560358,0,0,0.523578,0.5558,0.53348,0.406476,
479,0.560358,0,0,0.523578,0.5558,0.53348,0.406476,
480,0.560358,0,0,0.523578,0.5558,0.53348,0.406476,
481,0.561301,0,0,0.519491,0.558944,0.531122,0.405376,
482,0.561301,0,0,0.519491,0.558944,0.531122,0.405376,
483,0.561301,0,0,0.519491,0.558944,0.531122,0.405376,
484,0.561301,0,0,0.519491,0.558944,0.531122,0.405376,
485,0.561144,0,0,0.522792,0.559258,0.531279,0.40176,
486,0.561144,0,0,0.522792,0.559258,0.531279,0.40176,
487,0.561144,0,0,0.522792,0.559258,0.531279,0.40176,
488,0.561144,0,0,0.522792,0.559258,0.531279,0.40176,
489,0.561144,0,0,0.522792,0.559258,0.531279,0.40176,
490,0.561144,0,0,0.522792,0.559258,0.531279,0.40176,
491,0.562559,0,0,0.522163,0.55973,0.52625,0.397517,
492,0.562559,0,0,0.522163,0.55973,0.52625,0.397517,
493,0.562559,0,0,0.522163,0.55973,0.52625,0.397517,
494,0.565388,0,0,0.520591,0.560201,0.530022,0.398617,
495,0.565388,0,0,0.520591,0.560201,0.530022,0.398617,
496,0.565388,0,0,0.520591,0.560201,0.530022,0.398617,
497,0.564759,0,0,0.521377,0.562402,0.533952,0.395945,
498,0.564759,0,0,0.521377,0.562402,0.533952,0.395945,
499,0.564759,0,0,0.521377,0.562402,0.533952,0.395945,
500,0.564759,0,0,0.521377,0.562402,0.533952,0.395945,
501,0.564759,0,0,0.521377,0.562402,0.533952,0.395945,
502,0.564759,0,0,0.521377,0.562402,0.533952,0.395945,
503,0.565388,0,0,0.519805,0.561773,0.531279,0.39956,
504,0.565231,0,0,0.519805,0.561459,0.531279,0.39956,
505,0.565231,0,0,0.519805,0.561459,0.531279,0.39956,
506,0.565231,0,0,0.519805,0.561459,0.531279,0.39956,
507,0.565231,0,0,0.519805,0.561459,0.531279,0.39956,
508,0.565231,0,0,0.519805,0.561459,0.531279,0.39956,
509,0.565231,0,0,0.519805,0.561459,0.531279,0.39956,
510,0.565231,0,0,0.519805,0.561459,0.531279,0.39956,
511,0.565231,0,0,0.519805,0.561459,0.531279,0.39956,
512,0.565231,0,0,0.519805,0.561459,0.531279,0.39956,
513,0.565231,0,0,0.519805,0.561459,0.531279,0.39956,
514,0.565231,0,0,0.519805,0.561459,0.531279,0.39956,
515,0.565231,0,0,0.519805,0.561459,0.531279,0.39956,
516,0.565231,0,0,0.519805,0.561459,0.531279,0.39956,
517,0.565231,0,0,0.519805,0.561459,0.531279,0.39956,
518,0.565231,0,0,0.519805,0.561459,0.531279,0.39956,
519,0.565231,0,0,0.519805,0.561459,0.531279,0.39956,
520,0.565231,0,0,0.519805,0.561459,0.531279,0.39956,
521,0.565231,0,0,0.519805,0.561459,0.531279,0.39956,
522,0.565231,0,0,0.519805,0.561459,0.531279,0.39956,
523,0.565231,0,0,0.519805,0.561459,0.531279,0.39956,
524,0.565231,0,0,0.519805,0.561459,0.531279,0.39956,
525,0.565231,0,0,0.519805,0.561459,0.531279,0.39956,
526,0.565231,0,0,0.519805,0.561459,0.531279,0.39956,
527,0.565231,0,0,0.519805,0.561459,0.531279,0.39956,
528,0.565231,0,0,0.519805,0.561459,0.531279,0.39956,
529,0.565231,0,0,0.519805,0.561459,0.531279,0.39956,
530,0.565231,0,0,0.519805,0.561459,0.531279,0.39956,
531,0.565231,0,0,0.519805,0.561459,0.531279,0.39956,
532,0.565231,0,0,0.519805,0.561459,0.531279,0.39956,
533,0.565231,0,0,0.519805,0.561459,0.531279,0.39956,
534,0.565231,0,0,0.519805,0.561459,0.531279,0.39956,
535,0.565231,0,0,0.519805,0.561459,0.531279,0.39956,
536,0.565231,0,0,0.519805,0.561459,0.531279,0.39956,
537,0.565231,0,0,0.519805,0.561459,0.531279,0.39956,
538,0.565231,0,0,0.519805,0.561459,0.531279,0.39956,
539,0.565231,0,0,0.519805,0.561459,0.531279,0.39956,
540,0.565231,0,0,0.519805,0.561459,0.531279,0.39956,
541,0.565231,0,0,0.519805,0.561459,0.531279,0.39956,
542,0.565231,0,0,0.519805,0.561459,0.531279,0.39956,
543,0.565231,0,0,0.519805,0.561459,0.531279,0.39956,
544,0.565231,0,0,0.519805,0.561459,0.531279,0.39956,
545,0.565231,0,0,0.519805,0.561459,0.531279,0.39956,
546,0.565231,0,0,0.519805,0.561459,0.531279,0.39956,
547,0.566489,0,0,0.518705,0.562716,0.528765,0.398774,
548,0.566489,0,0,0.518705,0.562716,0.528765,0.398774,
549,0.566489,0,0,0.518705,0.562716,0.52845,0.398774,
550,0.566489,0,0,0.518705,0.562716,0.52845,0.398774,
551,0.566489,0,0,0.518705,0.562716,0.52845,0.398774,
552,0.562087,0,0,0.52232,0.564602,0.527036,0.399874,
553,0.55973,0,0,0.52122,0.564131,0.529708,0.39956,
554,0.55973,0,0,0.52122,0.564131,0.529708,0.39956,
555,0.560044,0,0,0.521534,0.563974,0.53238,0.399246,
556,0.561773,0,0,0.520277,0.563188,0.529236,0.399246,
557,0.561773,0,0,0.520277,0.563188,0.529236,0.399246,
558,0.561773,0,0,0.520277,0.563188,0.529236,0.399246,
559,0.561773,0,0,0.520277,0.563188,0.529236,0.399246,
560,0.562402,0,0,0.523892,0.559415,0.526721,0.400189,
561,0.562402,0,0,0.523892,0.559415,0.526721,0.400189,
562,0.562402,0,0,0.523892,0.559415,0.526721,0.400189,
563,0.562402,0,0,0.523892,0.559415,0.526721,0.400189,
564,0.562402,0,0,0.523892,0.559415,0.526721,0.400189,
565,0.562402,0,0,0.523892,0.559415,0.526721,0.400189,
566,0.559887,0,0,0.525149,0.559415,0.524206,0.400503,
567,0.559887,0,0,0.525149,0.559415,0.524206,0.400503,
568,0.559887,0,0,0.525149,0.559415,0.524206,0.400503,
569,0.559887,0,0,0.525149,0.559415,0.524206,0.400503,
570,0.559887,0,0,0.525149,0.559415,0.524206,0.400503,
571,0.559887,0,0,0.525149,0.559415,0.524206,0.400503,
572,0.559887,0,0,0.525149,0.559415,0.524206,0.400503,
573,0.559887,0,0,0.525149,0.559415,0.524206,0.400503,
574,0.559887,0,0,0.525149,0.559415,0.524206,0.400503,
575,0.559887,0,0,0.525149,0.559415,0.524206,0.400503,
576,0.559887,0,0,0.525149,0.559415,0.524206,0.400503,
577,0.557372,0,0,0.524363,0.557057,0.525307,0.396102,
578,0.557372,0,0,0.524363,0.557057,0.525307,0.396102,
579,0.557372,0,0,0.524363,0.557057,0.525307,0.396102,
580,0.557372,0,0,0.524363,0.557057,0.525307,0.396102,
581,0.557372,0,0,0.524363,0.556114,0.524678,0.396102,
582,0.557372,0,0,0.524363,0.556114,0.524678,0.396102,
583,0.557372,0,0,0.524363,0.556114,0.524678,0.396102,
584,0.557372,0,0,0.524363,0.556114,0.524678,0.396102,
585,0.557372,0,0,0.524363,0.556114,0.524678,0.396102,
586,0.557372,0,0,0.524363,0.556114,0.524678,0.396102,
587,0.557372,0,0,0.524363,0.556114,0.524678,0.396102,
588,0.557372,0,0,0.524363,0.556114,0.524678,0.396102,
589,0.557372,0,0,0.524363,0.556114,0.524678,0.396102,
590,0.557372,0,0,0.524363,0.556114,0.524678,0.396102,
591,0.557372,0,0,0.524363,0.556114,0.524678,0.396102,
592,0.557372,0,0,0.524363,0.556114,0.524678,0.396102,
593,0.557372,0,0,0.524363,0.556114,0.524678,0.396102,
594,0.555171,0,0,0.526564,0.558629,0.524206,0.391544,
595,0.555171,0,0,0.526564,0.558629,0.524206,0.391544,
596,0.555171,0,0,0.526564,0.558629,0.524206,0.391544,
597,0.555643,0,0,0.530022,0.562087,0.52122,0.389029,
598,0.555957,0,0,0.529236,0.565545,0.52122,0.390915,
599,0.555957,0,0,0.529236,0.565545,0.52122,0.390915,
600,0.555957,0,0,0.529236,0.565545,0.52122,0.390915,
601,0.555957,0,0,0.529236,0.565545,0.52122,0.390915,
602,0.555957,0,0,0.529236,0.565545,0.52122,0.390915,
603,0.555957,0,0,0.529236,0.565545,0.52122,0.390915,
604,0.555957,0,0,0.529236,0.565545,0.52122,0.390915,
605,0.555957,0,0,0.529236,0.565545,0.52122,0.390915,
606,0.555957,0,0,0.529236,0.565545,0.52122,0.390915,
607,0.555957,0,0,0.529236,0.565545,0.52122,0.390915,
608,0.556586,0,0,0.530808,0.564131,0.520119,0.392487,
609,0.556586,0,0,0.530808,0.564131,0.520119,0.392487,
610,0.556586,0,0,0.530808,0.564131,0.520119,0.392487,
611,0.556586,0,0,0.530808,0.564131,0.520119,0.392487,
612,0.556586,0,0,0.530808,0.564131,0.520119,0.392487,
613,0.556586,0,0,0.530808,0.564131,0.520119,0.392487,
614,0.556586,0,0,0.530808,0.564131,0.520119,0.392487,
615,0.556586,0,0,0.530808,0.564131,0.520119,0.392487,
616,0.556586,0,0,0.530808,0.564131,0.520119,0.392487,
617,0.556586,0,0,0.530808,0.564131,0.520119,0.392487,
618,0.556586,0,0,0.530808,0.564131,0.520119,0.392487,
619,0.554385,0,0,0.528293,0.564445,0.518233,0.391858,
620,0.554385,0,0,0.528293,0.564445,0.518233,0.391858,
621,0.554385,0,0,0.528293,0.564131,0.518233,0.391858,
622,0.556743,0,0,0.531122,0.568532,0.516033,0.391858,
623,0.556743,0,0,0.531122,0.568532,0.516033,0.391858,
624,0.556743,0,0,0.531122,0.568532,0.516033,0.391858,
625,0.556743,0,0,0.531122,0.568532,0.516033,0.391858,
626,0.552342,0,0,0.529236,0.57309,0.515876,0.3884,
627,0.552342,0,0,0.529236,0.57309,0.515876,0.3884,
628,0.552342,0,0,0.529236,0.57309,0.515876,0.3884,
629,0.552342,0,0,0.529236,0.57309,0.515876,0.3884,
630,0.552342,0,0,0.529236,0.57309,0.515876,0.3884,
631,0.551713,0,0,0.528765,0.571361,0.516819,0.3884,
632,0.551713,0,0,0.528765,0.571361,0.516819,0.3884,
633,0.551713,0,0,0.528765,0.571204,0.51619,0.3884,
634,0.551713,0,0,0.528765,0.571204,0.51619,0.3884,
635,0.551713,0,0,0.528765,0.571204,0.51619,0.3884,
636,0.551713,0,0,0.528765,0.571204,0.51619,0.3884,
637,0.551713,0,0,0.528765,0.571204,0.51619,0.3884,
638,0.551713,0,0,0.528765,0.571204,0.51619,0.3884,
639,0.551713,0,0,0.528765,0.571204,0.51619,0.3884,
640,0.551713,0,0,0.528765,0.571204,0.51619,0.3884,
641,0.551713,0,0,0.528765,0.571204,0.51619,0.3884,
642,0.551713,0,0,0.528765,0.571204,0.51619,0.3884,
643,0.551713,0,0,0.528765,0.571204,0.51619,0.3884,
644,0.550927,0,0,0.528136,0.571204,0.520434,0.389972,
645,0.547941,0,0,0.529079,0.573405,0.520434,0.392172,
646,0.547941,0,0,0.529079,0.573405,0.520434,0.392172,
647,0.547941,0,0,0.529079,0.573405,0.520434,0.392172,
648,0.547941,0,0,0.529079,0.573405,0.520434,0.392172,
649,0.547941,0,0,0.529079,0.573405,0.520434,0.392172,
650,0.547941,0,0,0.529079,0.573405,0.520434,0.392172,
651,0.547941,0,0,0.529079,0.573405,0.520434,0.392172,
652,0.547941,0,0,0.529079,0.573405,0.520434,0.392172,
653,0.547941,0,0,0.529079,0.573405,0.520434,0.392172,
654,0.547941,0,0,0.529079,0.573405,0.520434,0.392172,
655,0.546369,0,0,0.526407,0.572147,0.519019,0.391544,
656,0.548098,0,0,0.522006,0.573405,0.518076,0.391858,
657,0.548098,0,0,0.522006,0.573405,0.518076,0.391858,
658,0.548098,0,0,0.522006,0.573405,0.518076,0.391858,
659,0.548098,0,0,0.522006,0.573405,0.518076,0.391858,
660,0.548098,0,0,0.522006,0.573405,0.518076,0.391858,
661,0.546683,0,0,0.525307,0.575605,0.513989,0.394373,
662,0.546683,0,0,0.525307,0.575605,0.513989,0.394373,
663,0.546683,0,0,0.525307,0.575605,0.513989,0.394373,
664,0.546683,0,0,0.525307,0.575134,0.513989,0.394373,
665,0.546683,0,0,0.525307,0.575134,0.513989,0.394373,
666,0.546683,0,0,0.525307,0.575134,0.513989,0.394373,
667,0.546683,0,0,0.525307,0.575134,0.513989,0.394373,
668,0.546683,0,0,0.525307,0.575134,0.513989,0.394373,
669,0.546683,0,0,0.525307,0.575134,0.513989,0.394373,
670,0.546683,0,0,0.525307,0.575134,0.513989,0.394373,
671,0.550299,0,0,0.525149,0.573562,0.513361,0.392644,
672,0.553128,0,0,0.525307,0.571518,0.513203,0.393115,
673,0.553599,0,0,0.524363,0.571361,0.510374,0.394216,
674,0.553599,0,0,0.524363,0.571361,0.510374,0.394216,
675,0.553599,0,0,0.524363,0.571361,0.510374,0.394216,
676,0.553599,0,0,0.524363,0.571361,0.510374,0.394216,
677,0.553599,0,0,0.524363,0.571361,0.510374,0.394216,
678,0.553599,0,0,0.524363,0.571361,0.510374,0.394216,
679,0.553599,0,0,0.524363,0.571361,0.510374,0.394216,
680,0.553599,0,0,0.524363,0.571361,0.510374,0.394216,
681,0.553285,0,0,0.524992,0.572619,0.51226,0.390443,
682,0.552185,0,0,0.527821,0.576077,0.509588,0.388714,
683,0.552185,0,0,0.527821,0.576077,0.509588,0.388714,
684,0.552185,0,0,0.527821,0.576077,0.509588,0.388714,
685,0.552185,0,0,0.527821,0.576077,0.509588,0.388714,
686,0.551399,0,0,0.525935,0.571833,0.507073,0.391544,
687,0.551399,0,0,0.525935,0.571833,0.507073,0.391544,
688,0.551399,0,0,0.525935,0.571833,0.507073,0.391544,
689,0.547312,0,0,0.525464,0.571833,0.506916,0.392958,
690,0.547312,0,0,0.525464,0.571833,0.506916,0.392958,
691,0.547312,0,0,0.525464,0.571833,0.506916,0.392958,
692,0.547312,0,0,0.525464,0.571833,0.506916,0.392958,
693,0.549827,0,0,0.528607,0.572619,0.508802,0.395945,
694,0.549827,0,0,0.528607,0.572619,0.508802,0.395945,
695,0.548727,0,0,0.526564,0.571047,0.507702,0.397517,
696,0.548727,0,0,0.526564,0.571047,0.507702,0.397517,
697,0.548727,0,0,0.526564,0.571047,0.507702,0.397517,
698,0.548727,0,0,0.526564,0.571047,0.507702,0.397517,
699,0.549513,0,0,0.532851,0.568689,0.508802,0.396573,
700,0.549513,0,0,0.532851,0.568689,0.508802,0.396573,
701,0.549513,0,0,0.532851,0.568689,0.508802,0.396573,
702,0.549513,0,0,0.532851,0.568689,0.508802,0.396573,
703,0.547312,0,0,0.532223,0.572933,0.511317,0.398145,
704,0.547312,0,0,0.532223,0.572933,0.511317,0.398145,
705,0.547312,0,0,0.532223,0.572933,0.511317,0.398145,
706,0.547312,0,0,0.532223,0.572933,0.511317,0.398145,
707,0.548727,0,0,0.533794,0.571047,0.51006,0.397674,
708,0.548727,0,0,0.533794,0.571047,0.51006,0.397674,
709,0.548098,0,0,0.536624,0.566646,0.510374,0.401603,
710,0.549513,0,0,0.540396,0.56696,0.509745,0.404275,
711,0.549513,0,0,0.540396,0.56696,0.509745,0.404275,
712,0.549513,0,0,0.540396,0.56696,0.509745,0.404275,
713,0.549513,0,0,0.540396,0.56696,0.509745,0.404275,
714,0.54857,0,0,0.538667,0.564759,0.509274,0.407105,
715,0.54857,0,0,0.538667,0.564759,0.509274,0.407105,
716,0.54857,0,0,0.538667,0.564759,0.509274,0.407105,
717,0.54857,0,0,0.538667,0.564759,0.509274,0.407105,
718,0.54857,0,0,0.538667,0.564759,0.509274,0.407105,
719,0.54857,0,0,0.538667,0.564759,0.509274,0.407105,
720,0.54857,0,0,0.538667,0.564759,0.509274,0.407105,
721,0.54857,0,0,0.538667,0.564759,0.509274,0.407105,
722,0.547469,0,0,0.539925,0.563659,0.510217,0.407262,
723,0.547469,0,0,0.539925,0.56303,0.509745,0.407262,
724,0.547469,0,0,0.539925,0.56303,0.509745,0.407262,
725,0.547469,0,0,0.539925,0.56303,0.509745,0.407262,
726,0.543383,0,0,0.541654,0.56083,0.511317,0.408362,
727,0.543383,0,0,0.541654,0.56083,0.511317,0.408362,
728,0.543383,0,0,0.541654,0.56083,0.511317,0.408362,
729,0.543383,0,0,0.541654,0.56083,0.511317,0.408362,
730,0.543383,0,0,0.541654,0.56083,0.511317,0.408362,
731,0.543383,0,0,0.541654,0.56083,0.511317,0.408362,
732,0.543383,0,0,0.541654,0.56083,0.511317,0.408362,
733,0.543383,0,0,0.541654,0.56083,0.511317,0.408362,
734,0.543383,0,0,0.541654,0.56083,0.511317,0.408362,
735,0.543383,0,0,0.541654,0.56083,0.511317,0.408362,
736,0.544011,0,0,0.545583,0.560201,0.511789,0.41072,
737,0.544011,0,0,0.545583,0.560201,0.511789,0.41072,
738,0.544011,0,0,0.545583,0.560201,0.511789,0.41072,
739,0.544011,0,0,0.545583,0.560201,0.511789,0.41072,
740,0.544011,0,0,0.545583,0.560201,0.511789,0.41072,
741,0.544011,0,0,0.545583,0.560201,0.511789,0.41072,
742,0.544011,0,0,0.545583,0.560201,0.511789,0.41072,
743,0.543383,0,0,0.547941,0.560201,0.511946,0.412449,
744,0.543383,0,0,0.547941,0.560201,0.511946,0.412449,
745,0.543383,0,0,0.547941,0.560201,0.511946,0.412449,
746,0.538667,0,0,0.550141,0.561144,0.509117,0.413078,
747,0.537567,0,0,0.547941,0.55973,0.507388,0.415435,
748,0.536781,0,0,0.546526,0.561144,0.507073,0.41575,
749,0.536781,0,0,0.546526,0.561144,0.507073,0.41575,
750,0.536781,0,0,0.546526,0.561144,0.507073,0.41575,
751,0.536781,0,0,0.546526,0.561144,0.507073,0.41575,
752,0.536781,0,0,0.546526,0.561144,0.507073,0.41575,
753,0.536781,0,0,0.546526,0.561144,0.507073,0.41575,
754,0.536781,0,0,0.546526,0.561144,0.507073,0.41575,
755,0.536781,0,0,0.546526,0.561144,0.507073,0.41575,
756,0.536781,0,0,0.546526,0.561144,0.507073,0.41575,
757,0.536781,0,0,0.546526,0.561144,0.507073,0.41575,
758,0.536781,0,0,0.546526,0.561144,0.507073,0.41575,
759,0.536781,0,0,0.546526,0.561144,0.507073,0.41575,
760,0.536781,0,0,0.546526,0.561144,0.507073,0.41575,
761,0.536781,0,0,0.546526,0.561144,0.507073,0.41575,
762,0.536781,0,0,0.546526,0.561144,0.507073,0.41575,
763,0.536781,0,0,0.546526,0.561144,0.507073,0.41575,
764,0.536781,0,0,0.546526,0.561144,0.507073,0.41575,
765,0.536781,0,0,0.546526,0.561144,0.507073,0.41575,
766,0.536781,0,0,0.546526,0.561144,0.507073,0.41575,
767,0.536781,0,0,0.546526,0.561144,0.507073,0.41575,
768,0.536781,0,0,0.546526,0.561144,0.507073,0.41575,
769,0.538981,0,0,0.546369,0.560516,0.507545,0.417636,
770,0.538981,0,0,0.546369,0.560516,0.507545,0.417636,
771,0.538981,0,0,0.546369,0.560516,0.507545,0.417636,
772,0.538981,0,0,0.546369,0.560516,0.507545,0.417636,
773,0.541339,0,0,0.544797,0.56193,0.506445,0.412763,
774,0.541339,0,0,0.544797,0.56193,0.506445,0.412763,
775,0.541339,0,0,0.544797,0.56193,0.506445,0.412763,
776,0.541339,0,0,0.544797,0.56193,0.506445,0.412763,
777,0.545112,0,0,0.542597,0.561616,0.506602,0.414964,
778,0.546369,0,0,0.541025,0.564602,0.506445,0.417007,
779,0.546369,0,0,0.541025,0.564602,0.506445,0.417007,
780,0.546369,0,0,0.541025,0.564602,0.506445,0.417007,
781,0.546369,0,0,0.541025,0.564602,0.506445,0.417007,
782,0.546369,0,0,0.541025,0.564602,0.506445,0.417007,
783,0.546369,0,0,0.541025,0.564602,0.506445,0.417007,
784,0.544483,0,0,0.541654,0.562245,0.506916,0.414649,
785,0.544483,0,0,0.541654,0.562245,0.506916,0.414649,
786,0.544483,0,0,0.541654,0.562245,0.506916,0.414649,
787,0.544483,0,0,0.541654,0.562245,0.506916,0.414649,
788,0.544483,0,0,0.541654,0.562245,0.506916,0.414649,
789,0.541182,0,0,0.536781,0.563659,0.508016,0.413078,
790,0.543854,0,0,0.536624,0.560673,0.507388,0.410406,
791,0.543854,0,0,0.536624,0.560673,0.507388,0.410406,
792,0.538196,0,0,0.535995,0.560987,0.508959,0.409934,
793,0.538196,0,0,0.535995,0.560987,0.508959,0.409934,
794,0.538196,0,0,0.535995,0.560987,0.508959,0.409934,
795,0.538196,0,0,0.535995,0.560987,0.508959,0.409934,
796,0.538196,0,0,0.535995,0.560987,0.508959,0.409934,
797,0.538196,0,0,0.535995,0.560987,0.508959,0.409934,
798,0.538196,0,0,0.535995,0.560987,0.508959,0.409934,
799,0.538196,0,0,0.535995,0.560987,0.508959,0.409934,
800,0.538196,0,0,0.535995,0.560987,0.508959,0.409934,
801,0.53851,0,0,0.538824,0.564288,0.509588,0.412606,
802,0.53851,0,0,0.538824,0.564288,0.509588,0.412606,
803,0.53851,0,0,0.538824,0.564288,0.509588,0.412606,
804,0.53851,0,0,0.538824,0.564288,0.509588,0.412606,
805,0.53851,0,0,0.538824,0.564288,0.509588,0.412606,
806,0.53851,0,0,0.538824,0.564288,0.509588,0.412606,
807,0.538038,0,0,0.536467,0.561616,0.507702,0.413549,
808,0.537724,0,0,0.538038,0.562402,0.504087,0.414178,
809,0.537724,0,0,0.538038,0.562402,0.504087,0.414178,
810,0.537724,0,0,0.538038,0.562402,0.504087,0.414178,
811,0.538353,0,0,0.535681,0.56193,0.502986,0.414178,
812,0.538038,0,0,0.539925,0.560987,0.503301,0.412135,
813,0.538038,0,0,0.539925,0.560987,0.503301,0.412135,
814,0.538038,0,0,0.539925,0.560987,0.503301,0.412135,
815,0.533794,0,0,0.537252,0.560516,0.505344,0.408519,
816,0.533794,0,0,0.537252,0.560516,0.505344,0.408519,
817,0.533794,0,0,0.537252,0.560516,0.505344,0.408519,
818,0.533794,0,0,0.537252,0.560516,0.505344,0.408519,
819,0.532065,0,0,0.540082,0.557686,0.503772,0.410877,
820,0.532065,0,0,0.540082,0.557686,0.503772,0.410877,
821,0.532065,0,0,0.540082,0.557686,0.503772,0.410877,
822,0.536152,0,0,0.541811,0.557215,0.503301,0.409934,
823,0.53348,0,0,0.54464,0.559258,0.507859,0.411506,
824,0.53348,0,0,0.54464,0.559258,0.507859,0.411506,
825,0.53348,0,0,0.54464,0.559258,0.507859,0.411506,
826,0.53348,0,0,0.54464,0.559258,0.507859,0.411506,
827,0.53348,0,0,0.54464,0.559258,0.507859,0.411506,
828,0.53348,0,0,0.54464,0.559258,0.507859,0.411506,
829,0.53348,0,0,0.54464,0.559258,0.507859,0.411506,
830,0.53348,0,0,0.54464,0.559258,0.507859,0.411506,
831,0.530336,0,0,0.546055,0.563502,0.511003,0.413078,
832,0.532223,0,0,0.546841,0.562873,0.513518,0.415278,
833,0.532223,0,0,0.546841,0.562873,0.513518,0.415278,
834,0.533637,0,0,0.547312,0.564131,0.513989,0.414964,
835,0.537095,0,0,0.545269,0.564445,0.513203,0.41182,
836,0.53348,0,0,0.542754,0.561459,0.512417,0.415435,
837,0.53348,0,0,0.542754,0.561459,0.512417,0.415435,
838,0.531279,0,0,0.542754,0.560201,0.510846,0.414178,
839,0.532223,0,0,0.545269,0.564602,0.511946,0.411663,
840,0.532223,0,0,0.545269,0.564602,0.511946,0.411663,
841,0.532223,0,0,0.545269,0.564288,0.511474,0.411663,
842,0.532223,0,0,0.545269,0.564288,0.511474,0.411663,
843,0.536624,0,0,0.54574,0.56193,0.511003,0.411977,
844,0.533166,0,0,0.54574,0.562559,0.511789,0.409462,
845,0.533166,0,0,0.54574,0.562559,0.511789,0.409462,
846,0.533166,0,0,0.54574,0.562559,0.511789,0.409462,
847,0.533166,0,0,0.54574,0.562559,0.511789,0.409462,
848,0.533166,0,0,0.54574,0.562559,0.511789,0.409462,
849,0.536624,0,0,0.543854,0.566174,0.511946,0.406319,
850,0.536624,0,0,0.543854,0.566174,0.511946,0.406319,
851,0.537881,0,0,0.543383,0.562245,0.513989,0.406947,
852,0.537881,0,0,0.543383,0.562245,0.513989,0.406947,
853,0.537881,0,0,0.543383,0.562245,0.513989,0.406947,
854,0.537881,0,0,0.543383,0.562245,0.513989,0.406947,
855,0.537881,0,0,0.543383,0.562245,0.513989,0.406947,
856,0.537881,0,0,0.543383,0.562245,0.513989,0.406947,
857,0.537881,0,0,0.543383,0.562245,0.513989,0.406947,
858,0.537881,0,0,0.543383,0.562245,0.513989,0.406947,
859,0.537881,0,0,0.543225,0.562245,0.513832,0.406947,
860,0.537881,0,0,0.543225,0.562245,0.513832,0.406947,
861,0.537881,0,0,0.543225,0.562245,0.513832,0.406947,
862,0.537881,0,0,0.543225,0.562245,0.513832,0.406947,
863,0.537881,0,0,0.543225,0.562245,0.513832,0.406947,
864,0.537881,0,0,0.543225,0.562245,0.513832,0.406947,
865,0.537881,0,0,0.543225,0.562245,0.513832,0.406947,
866,0.535995,0,0,0.542282,0.562245,0.514775,0.404747,
867,0.535995,0,0,0.542282,0.562245,0.514775,0.404747,
868,0.535995,0,0,0.542282,0.562245,0.514775,0.404747,
869,0.535995,0,0,0.542282,0.562245,0.514775,0.404747,
870,0.535838,0,0,0.542282,0.562245,0.514461,0.404747,
871,0.535838,0,0,0.542282,0.562245,0.514461,0.404747,
872,0.541182,0,0,0.53961,0.562873,0.514304,0.401446,
873,0.539139,0,0,0.539296,0.566174,0.512732,0.397831,
874,0.539139,0,0,0.539296,0.566174,0.512732,0.397831,
875,0.539139,0,0,0.539296,0.566174,0.512732,0.397831,
876,0.539296,0,0,0.537252,0.563502,0.515718,0.394844,
877,0.539296,0,0,0.537252,0.563502,0.515718,0.394844,
878,0.539296,0,0,0.537252,0.563502,0.515718,0.394844,
879,0.539296,0,0,0.537252,0.563502,0.515718,0.394844,
880,0.539296,0,0,0.537252,0.563502,0.515718,0.394844,
881,0.539296,0,0,0.537252,0.563502,0.515718,0.394844,
882,0.539139,0,0,0.535995,0.56303,0.514618,0.394373,
883,0.537252,0,0,0.537881,0.562716,0.514461,0.392644,
884,0.537567,0,0,0.536624,0.562402,0.517133,0.389657,
885,0.537567,0,0,0.536624,0.562402,0.517133,0.389657,
886,0.537567,0,0,0.536624,0.562402,0.517133,0.389657,
887,0.537567,0,0,0.536624,0.562402,0.517133,0.389657,
888,0.537567,0,0,0.536624,0.562402,0.517133,0.389657,
889,0.541182,0,0,0.538981,0.562402,0.517605,0.390129,
890,0.541182,0,0,0.538981,0.562402,0.517605,0.390129,
891,0.541182,0,0,0.538981,0.562402,0.517605,0.390129,
892,0.541182,0,0,0.538981,0.562402,0.517605,0.390129,
893,0.541182,0,0,0.538981,0.562402,0.517605,0.390129,
894,0.541182,0,0,0.538981,0.562402,0.517605,0.390129,
895,0.541182,0,0,0.538981,0.562402,0.517605,0.390129,
896,0.541182,0,0,0.538981,0.562402,0.517605,0.390129,
897,0.542754,0,0,0.541025,0.56303,0.518862,0.3906,
898,0.537567,0,0,0.539296,0.562245,0.517133,0.392015,
899,0.536938,0,0,0.539296,0.562087,0.516347,0.392015,
900,0.536938,0,0,0.539296,0.562087,0.516347,0.392015,
901,0.536938,0,0,0.539296,0.562087,0.516347,0.392015,
902,0.536938,0,0,0.539296,0.562087,0.516347,0.392015,
903,0.536938,0,0,0.539296,0.562087,0.516347,0.392015,
904,0.536938,0,0,0.539296,0.562087,0.516347,0.392015,
905,0.536938,0,0,0.539296,0.562087,0.516347,0.392015,
906,0.536938,0,0,0.539296,0.562087,0.516347,0.392015,
907,0.537252,0,0,0.541182,0.561616,0.515561,0.394216,
908,0.537252,0,0,0.541182,0.561616,0.515561,0.394216,
909,0.539296,0,0,0.538667,0.559415,0.515876,0.396259,
910,0.539296,0,0,0.538667,0.559415,0.515876,0.396259,
911,0.539296,0,0,0.538667,0.559415,0.515876,0.396259,
912,0.539296,0,0,0.538667,0.559415,0.515876,0.396259,
913,0.539296,0,0,0.538667,0.559415,0.515876,0.396259,
914,0.539296,0,0,0.538667,0.559415,0.515876,0.396259,
915,0.539296,0,0,0.538667,0.559415,0.515876,0.396259,
916,0.539296,0,0,0.538667,0.559415,0.515876,0.396259,
917,0.539139,0,0,0.538667,0.559415,0.515718,0.396102,
918,0.539139,0,0,0.538667,0.559415,0.515718,0.396102,
919,0.538196,0,0,0.537567,0.560201,0.515561,0.394373,
920,0.538196,0,0,0.537567,0.560201,0.515561,0.394373,
921,0.54071,0,0,0.535838,0.559572,0.51619,0.396259,
922,0.538196,0,0,0.540396,0.558001,0.516661,0.396416,
923,0.538196,0,0,0.540396,0.558001,0.516661,0.396416,
924,0.538196,0,0,0.540396,0.558001,0.516661,0.396416,
925,0.538196,0,0,0.540396,0.558001,0.516661,0.396416,
926,0.538196,0,0,0.540396,0.558001,0.516661,0.396416,
927,0.538196,0,0,0.540396,0.558001,0.516661,0.396416,
928,0.538196,0,0,0.540396,0.558001,0.516661,0.396416,
929,0.538196,0,0,0.540396,0.558001,0.516661,0.396416,
930,0.538196,0,0,0.540396,0.558001,0.516661,0.396416,
931,0.543383,0,0,0.541182,0.559887,0.516661,0.399246,
932,0.541968,0,0,0.542125,0.56193,0.518076,0.400189,
933,0.541968,0,0,0.542125,0.56193,0.518076,0.400189,
934,0.54354,0,0,0.540553,0.567432,0.517447,0.400346,
935,0.54354,0,0,0.540553,0.567432,0.517447,0.400346,
936,0.54354,0,0,0.540553,0.567274,0.516976,0.400346,
937,0.54354,0,0,0.540553,0.567274,0.516976,0.400346,
938,0.54354,0,0,0.540553,0.567274,0.516976,0.400346,
939,0.54354,0,0,0.540553,0.567274,0.516976,0.400346,
940,0.54354,0,0,0.540553,0.567274,0.516976,0.400346,
941,0.54354,0,0,0.540553,0.567274,0.516976,0.400346,
942,0.544954,0,0,0.543225,0.565703,0.516661,0.397988,
943,0.544954,0,0,0.543225,0.565703,0.516661,0.397988,
944,0.544954,0,0,0.543225,0.565703,0.516661,0.397988,
945,0.543068,0,0,0.541496,0.563816,0.514147,0.392958,
946,0.543068,0,0,0.541496,0.563816,0.514147,0.392958,
947,0.541496,0,0,0.542754,0.560516,0.512103,0.392801,
948,0.541496,0,0,0.542754,0.560516,0.512103,0.392801,
949,0.541496,0,0,0.542754,0.560516,0.512103,0.392801,
950,0.541496,0,0,0.542754,0.560516,0.512103,0.392801,
951,0.541496,0,0,0.542754,0.560516,0.512103,0.392801,
952,0.541496,0,0,0.542754,0.560516,0.512103,0.392801,
953,0.541496,0,0,0.542754,0.560516,0.512103,0.392801,
954,0.541496,0,0,0.542754,0.560516,0.512103,0.392801,
955,0.541496,0,0,0.542754,0.560516,0.512103,0.392801,
956,0.541496,0,0,0.542754,0.560516,0.512103,0.392801,
957,0.541496,0,0,0.542754,0.560516,0.512103,0.392801,
958,0.541496,0,0,0.542754,0.560516,0.512103,0.392801,
959,0.535995,0,0,0.540082,0.560673,0.51006,0.393115,
960,0.535995,0,0,0.540082,0.560673,0.51006,0.393115,
961,0.535995,0,0,0.540082,0.560673,0.51006,0.393115,
962,0.535995,0,0,0.540082,0.560673,0.51006,0.393115,
963,0.535995,0,0,0.540082,0.560673,0.51006,0.393115,
964,0.535995,0,0,0.540082,0.560673,0.51006,0.393115,
965,0.535995,0,0,0.540082,0.560673,0.51006,0.393115,
966,0.535995,0,0,0.540082,0.560673,0.51006,0.393115,
967,0.535995,0,0,0.540082,0.560673,0.51006,0.393115,
968,0.534423,0,0,0.542911,0.561301,0.509745,0.39343,
969,0.534423,0,0,0.542911,0.561301,0.509745,0.39343,
970,0.534423,0,0,0.542911,0.561301,0.509745,0.39343,
971,0.534423,0,0,0.542911,0.561301,0.509745,0.39343,
972,0.534423,0,0,0.542911,0.561301,0.509745,0.39343,
973,0.532851,0,0,0.542911,0.560358,0.512889,0.392801,
974,0.532851,0,0,0.542911,0.560358,0.512889,0.392801,
975,0.532851,0,0,0.542911,0.560358,0.512889,0.392801,
976,0.532851,0,0,0.542911,0.560358,0.512889,0.392801,
977,0.532851,0,0,0.542911,0.560358,0.512889,0.392801,
978,0.533166,0,0,0.541968,0.562245,0.514618,0.39453,
979,0.533166,0,0,0.541968,0.562245,0.514618,0.39453,
980,0.533166,0,0,0.541968,0.561773,0.514618,0.39453,
981,0.534266,0,0,0.539139,0.56303,0.516347,0.398145,
982,0.534266,0,0,0.539139,0.56303,0.516347,0.398145,
983,0.534266,0,0,0.539139,0.56303,0.516347,0.398145,
984,0.534266,0,0,0.539139,0.56303,0.516347,0.398145,
985,0.534266,0,0,0.539139,0.56303,0.516347,0.398145,
986,0.534266,0,0,0.539139,0.56303,0.516347,0.398145,
987,0.534266,0,0,0.539139,0.56303,0.516347,0.398145,
988,0.534266,0,0,0.539139,0.56303,0.516347,0.398145,
989,0.534266,0,0,0.539139,0.56303,0.516347,0.398145,
990,0.534266,0,0,0.539139,0.56303,0.516347,0.398145,
991,0.534266,0,0,0.539139,0.56303,0.516347,0.398145,
992,0.534423,0,0,0.536152,0.563816,0.51619,0.398617,
993,0.534423,0,0,0.536152,0.563816,0.51619,0.398617,
994,0.534423,0,0,0.536152,0.563816,0.51619,0.398617,
995,0.534423,0,0,0.536152,0.563816,0.51619,0.398617,
996,0.535052,0,0,0.536152,0.565545,0.516976,0.40066,
997,0.535052,0,0,0.536152,0.565545,0.516661,0.40066,
998,0.535052,0,0,0.536152,0.565545,0.516661,0.40066,
999,0.535052,0,0,0.536152,0.565545,0.516661,0.40066,
