Time,BS_ID,BS_STATUS,BS_LOC_X,BS_LOC_Y,ANT_ID,ANT_SEC,TRX_ID,TRX_X,TRX_Y,TRX_ANG,UE_ID,UE_MID,UE_LOC_X,UE_LOC_Y,MAX_DR (bits),DEMAND_DR (bits),REAL_DR (bits),BS_Trans_PWR (W),UE_Rec_PWR (W),RSRP (dBm),RSSI (dBm),RSRQ (dB),DDR (%)
499,0,0,0,0,0,0,98,0.25,-0.387,0,1,0,3.73747,1.60354,156,151,151,4.88624e-12,4.07187e-12,-83.9021,-53.1102,-10.7918,0
499,0,0,0,0,0,0,94,0.25,-0.37152,0,5,0,3.65744,-0.514099,158,18,18,6.04845e-12,5.04037e-12,-82.9754,-52.1836,-10.7918,0
499,0,0,0,0,0,0,93,0.25,0.36378,0,6,0,2.82339,0.850788,160,25,25,9.2401e-12,7.70008e-12,-81.135,-50.3432,-10.7918,0
499,0,0,0,0,0,0,89,0.25,0.3483,0,10,0,3.14599,-1.0738,159,79,79,7.47351e-12,6.22793e-12,-82.0566,-51.2648,-10.7918,0
499,0,0,0,0,0,0,95,0.25,0.37152,0,86,1,-0.905925,4.18915,132,28,28,4.31815e-12,3.59845e-12,-84.4388,-53.647,-10.7918,0
499,0,0,0,0,0,0,86,0.25,-0.34056,0,71,2,-1.38791,-1.13358,160,6,6,1.65962e-11,1.38302e-11,-78.5917,-47.7999,-10.7918,0
499,0,0,0,0,0,0,75,0.25,0.29412,0,111,2,-1.29416,-3.24311,160,64,64,6.79002e-12,5.65835e-12,-82.4731,-51.6813,-10.7918,0
499,0,0,0,0,0,0,82,0.25,-0.32508,0,133,1,-1.91481,-0.721959,160,153,152,1.47916e-11,1.23263e-11,-79.0917,-48.2999,-10.7918,0.653595
499,0,0,0,0,0,0,99,0.25,0.387,0,255,1,-0.55258,1.0652,128,32,32,2.07417e-11,1.72848e-11,-77.6234,-46.8316,-10.7918,0
499,0,0,0,0,0,0,80,0.25,-0.31734,0,154,1,4.57222,1.34807,160,28,28,3.31404e-12,2.7617e-12,-85.5882,-54.7964,-10.7918,0
499,0,0,0,0,0,0,69,0.25,0.2709,0,27,0,1.11535,4.69209,148,42,37,3.21577e-12,2.67981e-12,-85.719,-54.9272,-10.7918,11.9048
499,0,0,0,0,0,0,81,0.25,0.31734,0,42,0,-3.5123,-3.78901,146,141,141,2.68395e-12,2.23663e-12,-86.5041,-55.7123,-10.7918,0
499,0,0,0,0,0,0,70,0.25,-0.27864,0,34,0,-5.38535,-0.302237,144,8,8,2.39097e-12,1.99248e-12,-87.0061,-56.2143,-10.7918,0
499,0,0,0,0,0,0,72,0.25,-0.28638,0,145,1,-3.3989,4.35585,160,26,26,2.24008e-12,1.86673e-12,-87.2892,-56.4974,-10.7918,0
499,0,0,0,0,0,0,63,0.25,0.24768,0,37,1,4.12418,-4.21573,160,155,155,1.87345e-12,1.56121e-12,-88.0654,-57.2736,-10.7918,0
499,0,0,0,0,0,0,73,0.25,0.28638,0,122,2,-3.85459,-5.09999,160,72,72,1.49958e-12,1.24965e-12,-89.0321,-58.2403,-10.7918,0
499,0,0,0,0,0,0,64,0.25,-0.25542,0,153,2,-1.42838,6.68495,122,26,26,1.2469e-12,1.03908e-12,-89.8335,-59.0417,-10.7918,0
499,0,0,0,0,0,0,76,0.25,-0.30186,0,265,1,6.31775,-3.65892,118,50,50,1.04244e-12,8.68703e-13,-90.6113,-59.8195,-10.7918,0
499,0,0,0,0,0,0,61,0.25,0.23994,0,260,2,4.98902,5.49733,159,22,22,9.96657e-13,8.30548e-13,-90.8064,-60.0145,-10.7918,0
499,0,0,0,0,0,0,97,0.25,0.37926,0,256,1,7.26939,-1.88242,160,24,24,9.66557e-13,8.05464e-13,-90.9395,-60.1477,-10.7918,0
499,0,0,0,0,0,0,90,0.25,-0.35604,0,116,1,-7.02479,-3.30092,131,92,92,8.85268e-13,7.37724e-13,-91.3211,-60.5292,-10.7918,0
499,0,0,0,0,0,0,88,0.25,-0.3483,0,306,1,-6.47535,-5.61891,156,112,112,6.85219e-13,5.71015e-13,-92.4335,-61.6417,-10.7918,0
499,0,0,0,0,0,0,96,0.25,-0.37926,0,12,0,7.00181,-4.96594,117,84,84,6.83081e-13,5.69234e-13,-92.4471,-61.6553,-10.7918,0
499,0,0,0,0,0,0,83,0.25,0.32508,0,162,1,-9.30713,-0.948296,145,21,21,5.54029e-13,4.61691e-13,-93.3565,-62.5647,-10.7918,0
499,0,0,0,0,0,0,62,0.25,-0.24768,0,195,2,-6.70943,6.74877,146,93,93,5.32292e-13,4.43576e-13,-93.5303,-62.7385,-10.7918,0
499,0,0,0,0,0,0,91,0.25,0.35604,0,18,1,-0.346181,9.95799,156,121,121,4.79219e-13,3.99349e-13,-93.9865,-63.1947,-10.7918,0
499,0,0,0,0,0,0,65,0.25,0.25542,0,135,1,-0.376177,-14.9639,117,25,25,2.28485e-13,1.90404e-13,-97.2032,-66.4114,-10.7918,0
499,0,0,0,0,0,0,87,0.25,0.34056,0,159,0,1.713,-15.1385,146,23,23,2.22981e-13,1.85817e-13,-97.3091,-66.5173,-10.7918,0
499,0,0,0,0,0,0,78,0.25,-0.3096,0,168,1,1.91871,-14.7245,110,18,18,2.31078e-13,1.92565e-13,-97.1542,-66.3624,-10.7918,0
499,0,0,0,0,0,0,68,0.25,-0.2709,0,254,2,-1.84835,-14.6749,160,45,45,2.32368e-13,1.9364e-13,-97.13,-66.3382,-10.7918,0
499,0,0,0,0,0,0,77,0.25,0.30186,0,35,2,1.69864,-14.3641,111,43,43,2.39987e-13,1.99989e-13,-96.9899,-66.1981,-10.7918,0
499,0,0,0,0,0,0,67,0.25,0.26316,0,167,2,-0.440458,-13.5023,160,51,51,2.66536e-13,2.22114e-13,-96.5342,-65.7424,-10.7918,0
499,0,0,0,0,0,0,66,0.25,-0.26316,0,2,2,3.20914,-13.8907,121,2,2,2.45183e-13,2.04319e-13,-96.8969,-66.1051,-10.7918,0
499,0,0,0,0,0,0,85,0.25,0.33282,0,83,2,1.98544,-12.4718,160,153,149,2.98444e-13,2.48703e-13,-96.0432,-65.2514,-10.7918,2.61438
499,0,0,0,0,0,0,79,0.25,0.3096,0,224,2,-1.40138,-10.543,160,134,134,4.15787e-13,3.46489e-13,-94.6031,-63.8113,-10.7918,0
499,0,0,0,0,0,0,71,0.25,0.27864,0,161,0,-0.9885,-10.4613,109,21,21,4.26598e-13,3.55498e-13,-94.4916,-63.6998,-10.7918,0
499,0,0,0,0,0,0,92,0.25,-0.36378,0,40,1,4.42005,-11.2834,157,61,61,3.21357e-13,2.67798e-13,-95.7219,-64.9301,-10.7918,0
499,0,0,0,0,1,120,97,-0.453449,0.0268763,0,17,1,-2.72548,-3.37561,160,13,13,4.19298e-12,3.49415e-12,-84.5666,-53.7748,-10.7918,0
499,0,0,0,0,1,120,93,-0.440043,0.0346163,0,21,0,-3.89221,0.673723,157,133,133,5.22216e-12,4.3518e-12,-83.6133,-52.8215,-10.7918,0
499,0,0,0,0,2,240,99,0.210152,-0.410006,0,30,0,-0.4664,-2.99166,160,89,89,8.84054e-12,7.36712e-12,-81.327,-50.5352,-10.7918,0
499,0,0,0,0,2,240,96,-0.453449,-0.0268764,0,33,0,-0.275485,-1.94511,160,75,71,1.53665e-11,1.28054e-11,-78.9261,-48.1343,-10.7918,5.33333
499,0,0,0,0,2,240,86,-0.419934,-0.0462264,0,43,0,-0.110505,-1.1949,160,136,136,2.07417e-11,1.72848e-11,-77.6234,-46.8316,-10.7918,0
499,0,0,0,0,2,240,85,0.163231,-0.382916,0,44,0,-0.287304,-2.15102,160,109,109,1.39384e-11,1.16153e-11,-79.3497,-48.5579,-10.7918,0
499,1,0,17.3205,10,0,0,97,17.5705,10.3793,0,47,0,21.6757,10.4117,154,134,134,4.10933e-12,3.42444e-12,-84.6541,-53.8623,-10.7918,0
499,1,0,17.3205,10,0,0,93,17.5705,10.3638,0,51,0,19.3222,9.10535,160,149,149,1.37863e-11,1.14886e-11,-79.3973,-48.6055,-10.7918,0
499,1,0,17.3205,10,0,0,83,17.5705,10.3251,0,69,1,18.3963,13.9596,138,137,137,4.78695e-12,3.98913e-12,-83.9912,-53.1994,-10.7918,0
499,1,0,17.3205,10,0,0,80,17.5705,9.68266,0,29,1,14.2459,12.919,127,84,83,4.43227e-12,3.69356e-12,-84.3255,-53.5337,-10.7918,1.19048
499,1,0,17.3205,10,0,0,94,17.5705,9.62848,0,32,2,18.9701,8.60963,142,7,1,1.40254e-11,1.16878e-11,-79.3227,-48.5309,-10.7918,85.7143
499,1,0,17.3205,10,0,0,90,17.5705,9.64396,0,101,2,18.3306,8.53407,115,77,77,1.66808e-11,1.39007e-11,-78.5696,-47.7778,-10.7918,0
499,1,0,17.3205,10,0,0,95,17.5705,10.3715,0,119,1,18.4115,9.50028,139,38,38,2.07417e-11,1.72848e-11,-77.6234,-46.8316,-10.7918,0
499,1,0,17.3205,10,0,0,99,17.5705,10.387,0,92,1,17.9144,11.5237,160,26,26,1.77212e-11,1.47677e-11,-78.3069,-47.5151,-10.7918,0
499,1,0,17.3205,10,0,0,88,17.5705,9.6517,0,90,1,14.9987,13.6664,159,77,77,4.19018e-12,3.49182e-12,-84.5695,-53.7777,-10.7918,0
499,1,0,17.3205,10,0,0,67,17.5705,10.2632,0,185,2,20.0416,11.1799,151,67,67,9.15253e-12,7.62711e-12,-81.1764,-50.3846,-10.7918,0
499,1,0,17.3205,10,0,0,73,17.5705,10.2864,0,274,1,13.4823,10.5161,129,26,26,5.45786e-12,4.54822e-12,-83.4216,-52.6298,-10.7918,0
499,1,0,17.3205,10,0,0,69,17.5705,10.2709,0,281,1,17.345,13.3718,117,8,8,7.27276e-12,6.06064e-12,-82.1748,-51.383,-10.7918,0
499,1,0,17.3205,10,0,0,86,17.5705,9.65944,0,307,1,19.767,13.4121,160,104,104,4.53574e-12,3.77978e-12,-84.2253,-53.4335,-10.7918,0
499,1,0,17.3205,10,0,0,84,17.5705,9.66718,0,85,0,18.0784,4.68432,144,3,3,2.42041e-12,2.01701e-12,-86.9529,-56.1611,-10.7918,0
499,1,0,17.3205,10,0,0,98,17.5705,9.613,0,77,0,12.3378,7.35326,142,116,114,2.11564e-12,1.76303e-12,-87.5374,-56.7456,-10.7918,1.72414
499,1,0,17.3205,10,0,0,75,17.5705,10.2941,0,48,1,22.1715,13.1145,121,28,19,1.99454e-12,1.66211e-12,-87.7934,-57.0016,-10.7918,32.1429
499,1,0,17.3205,10,0,0,87,17.5705,10.3406,0,57,1,15.2064,4.3505,159,20,20,1.76049e-12,1.46707e-12,-88.3355,-57.5437,-10.7918,0
499,1,0,17.3205,10,0,0,82,17.5705,9.67492,0,50,0,22.2277,6.45539,138,22,22,1.74336e-12,1.4528e-12,-88.3779,-57.5861,-10.7918,0
499,1,0,17.3205,10,0,0,71,17.5705,10.2786,0,89,1,15.783,16.1659,136,77,77,1.52454e-12,1.27045e-12,-88.9604,-58.1686,-10.7918,0
499,1,0,17.3205,10,0,0,81,17.5705,10.3173,0,134,2,16.5632,16.4562,138,5,5,1.43203e-12,1.19336e-12,-89.2323,-58.4405,-10.7918,0
499,1,0,17.3205,10,0,0,79,17.5705,10.3096,0,53,0,21.6012,4.77191,132,48,48,1.28724e-12,1.0727e-12,-89.6952,-58.9034,-10.7918,0
499,1,0,17.3205,10,0,0,78,17.5705,9.6904,0,74,0,11.3156,13.3396,130,99,99,1.22945e-12,1.02454e-12,-89.8947,-59.1029,-10.7918,0
499,1,0,17.3205,10,0,0,77,17.5705,10.3019,0,45,0,22.0801,15.6031,126,60,60,1.0231e-12,8.52579e-13,-90.6926,-59.9008,-10.7918,0
499,1,0,17.3205,10,0,0,76,17.5705,9.69814,0,87,0,12.6227,3.71668,122,88,84,8.60635e-13,7.17196e-13,-91.4436,-60.6518,-10.7918,4.54545
499,1,0,17.3205,10,0,0,70,17.5705,9.72136,0,55,1,9.91509,12.8838,160,52,52,8.32073e-13,6.93394e-13,-91.5902,-60.7984,-10.7918,0
499,1,0,17.3205,10,0,0,68,17.5705,9.7291,0,139,2,13.0145,3.3198,160,143,139,8.31901e-13,6.93251e-13,-91.5911,-60.7993,-10.7918,2.7972
499,1,0,17.3205,10,0,0,89,17.5705,10.3483,0,26,1,12.8507,17.2483,117,49,49,6.96922e-13,5.80768e-13,-92.36,-61.5682,-10.7918,0
499,1,0,17.3205,10,0,0,74,17.5705,9.70588,0,58,0,23.1093,3.72658,117,110,110,6.92728e-13,5.77274e-13,-92.3862,-61.5944,-10.7918,0
499,1,0,17.3205,10,0,0,96,17.5705,9.62074,0,54,0,24.4409,4.414,113,90,90,5.99722e-13,4.99768e-13,-93.0123,-62.2205,-10.7918,0
499,1,0,17.3205,10,0,0,92,17.5705,9.63622,0,19,1,8.30392,10.9042,160,47,47,5.97849e-13,4.98207e-13,-93.0259,-62.2341,-10.7918,0
499,1,0,17.3205,10,0,0,91,17.5705,10.356,0,68,0,10.0865,16.1361,110,98,98,5.3629e-13,4.46908e-13,-93.4978,-62.706,-10.7918,0
499,1,0,17.3205,10,0,0,85,17.5705,10.3328,0,109,1,24.8099,3.37717,160,65,65,4.75622e-13,3.96352e-13,-94.0192,-63.2274,-10.7918,0
499,1,0,17.3205,10,1,120,99,16.8604,10.023,0,60,0,16.4727,11.0429,160,145,145,1.97754e-11,1.64795e-11,-77.8306,-47.0387,-10.7918,0
499,1,0,17.3205,10,1,120,96,17.524,10.4061,0,63,0,17.9336,13.2114,159,126,126,7.71089e-12,6.42574e-12,-81.9208,-51.129,-10.7918,0
499,1,0,17.3205,10,1,120,89,16.8939,10.0424,0,70,0,14.4722,11.2198,160,46,46,8.49538e-12,7.07948e-12,-81.5,-50.7082,-10.7918,0
499,1,0,17.3205,10,1,120,87,16.9006,10.0462,0,72,2,16.6723,7.0805,160,114,114,9.02688e-12,7.5224e-12,-81.2364,-50.4446,-10.7918,0
499,1,0,17.3205,10,2,240,93,17.5106,9.6016,0,81,0,17.0401,6.64808,159,6,6,7.30704e-12,6.0892e-12,-82.1544,-51.3626,-10.7918,0
499,2,0,17.3205,-10,0,0,95,17.5705,-9.62848,0,94,0,18.5204,-10.0142,160,44,39,2.07417e-11,1.72848e-11,-77.6234,-46.8316,-10.7918,11.3636
499,2,0,17.3205,-10,0,0,91,17.5705,-9.64396,0,98,0,18.2816,-11.5512,160,2,0,1.63613e-11,1.36344e-11,-78.6536,-47.8618,-10.7918,0
499,2,0,17.3205,-10,0,0,89,17.5705,-9.6517,0,100,2,17.2994,-8.80019,159,133,133,2.07417e-11,1.72848e-11,-77.6234,-46.8316,-10.7918,0
499,2,0,17.3205,-10,0,0,85,17.5705,-9.66718,0,104,0,18.3845,-10.5549,160,133,133,2.07417e-11,1.72848e-11,-77.6234,-46.8316,-10.7918,0
499,2,0,17.3205,-10,0,0,70,17.5705,-10.2786,0,108,1,15.3579,-8.29763,144,9,9,1.11928e-11,9.32736e-12,-80.3024,-49.5106,-10.7918,0
499,2,0,17.3205,-10,0,0,84,17.5705,-10.3328,0,105,1,16.8442,-11.1014,137,56,51,2.07417e-11,1.72848e-11,-77.6234,-46.8316,-10.7918,8.92857
499,2,0,17.3205,-10,0,0,75,17.5705,-9.70588,0,123,2,18.4287,-9.53969,121,90,90,2.07417e-11,1.72848e-11,-77.6234,-46.8316,-10.7918,0
499,2,0,17.3205,-10,0,0,63,17.5705,-9.75232,0,75,1,16.7036,-6.2077,160,150,150,5.55425e-12,4.62854e-12,-83.3456,-52.5537,-10.7918,0
499,2,0,17.3205,-10,0,0,62,17.5705,-10.2477,0,14,2,16.9305,-5.97248,160,18,18,4.9437e-12,4.11975e-12,-83.8513,-53.0595,-10.7918,0
499,2,0,17.3205,-10,0,0,61,17.5705,-9.76006,0,76,1,18.2342,-10.7779,160,99,99,2.07417e-11,1.72848e-11,-77.6234,-46.8315,-10.7918,0
499,2,0,17.3205,-10,0,0,60,17.5705,-10.2399,0,8,2,18.4788,-10.5001,130,19,19,2.03335e-11,1.69446e-11,-77.7097,-46.9179,-10.7918,0
499,2,0,17.3205,-10,0,0,78,17.5705,-10.3096,0,173,2,18.2634,-9.25779,122,22,22,2.07417e-11,1.72848e-11,-77.6234,-46.8316,-10.7918,0
499,2,0,17.3205,-10,0,0,67,17.5705,-9.73684,0,232,2,17.5897,-8.83059,137,122,122,2.07417e-11,1.72848e-11,-77.6234,-46.8316,-10.7918,0
499,2,0,17.3205,-10,0,0,82,17.5705,-10.3251,0,118,0,13.8658,-7.00635,152,149,149,3.68577e-12,3.07147e-12,-85.1265,-54.3347,-10.7918,0
499,2,0,17.3205,-10,0,0,83,17.5705,-9.67492,0,125,1,21.2454,-7.19008,130,27,27,3.20844e-12,2.6737e-12,-85.7289,-54.9371,-10.7918,0
499,2,0,17.3205,-10,0,0,79,17.5705,-9.6904,0,88,1,19.6602,-5.31012,155,151,151,2.5831e-12,2.15258e-12,-86.6704,-55.8786,-10.7918,0
499,2,0,17.3205,-10,0,0,94,17.5705,-10.3715,0,208,2,17.3054,-4.19082,110,108,108,1.95289e-12,1.62741e-12,-87.885,-57.0932,-10.7918,0
499,2,0,17.3205,-10,0,0,53,17.5705,-9.79102,0,112,0,13.4417,-3.97782,128,40,40,1.09751e-12,9.14591e-13,-90.3877,-59.5959,-10.7918,0
499,2,0,17.3205,-10,0,0,98,17.5705,-10.387,0,300,2,22.5078,-15.252,152,109,109,1.0119e-12,8.43247e-13,-90.7405,-59.9486,-10.7918,0
499,2,0,17.3205,-10,0,0,87,17.5705,-9.65944,0,80,1,24.9464,-9.22921,159,138,138,9.15195e-13,7.62662e-13,-91.1767,-60.3849,-10.7918,0
499,2,0,17.3205,-10,0,0,49,17.5705,-9.8065,0,99,0,25.0099,-9.61798,123,84,77,9.04484e-13,7.53736e-13,-91.2278,-60.436,-10.7918,8.33333
499,2,0,17.3205,-10,0,0,66,17.5705,-10.2632,0,97,0,22.1405,-16.0412,123,24,24,8.95366e-13,7.46138e-13,-91.2718,-60.48,-10.7918,0
499,2,0,17.3205,-10,0,0,48,17.5705,-10.1935,0,131,1,12.6069,-16.1631,140,76,76,8.8608e-13,7.384e-13,-91.3171,-60.5253,-10.7918,0
499,2,0,17.3205,-10,0,0,99,17.5705,-9.613,0,91,1,10.329,-14.1215,132,101,101,7.8787e-13,6.56558e-13,-91.8273,-61.0355,-10.7918,0
499,2,0,17.3205,-10,0,0,52,17.5705,-10.209,0,59,1,22.5499,-3.11746,160,145,140,6.71337e-13,5.59448e-13,-92.5224,-61.7306,-10.7918,3.44828
499,2,0,17.3205,-10,0,0,57,17.5705,-9.77554,0,113,0,20.5507,-1.95952,116,8,7,6.6725e-13,5.56041e-13,-92.5489,-61.7571,-10.7918,12.5
499,2,0,17.3205,-10,0,0,51,17.5705,-9.79876,0,132,0,19.684,-18.9449,112,53,53,5.68818e-13,4.74015e-13,-93.2421,-62.4503,-10.7918,0
499,2,0,17.3205,-10,0,0,54,17.5705,-10.2167,0,117,0,10.0052,-4.15945,111,74,74,5.53255e-13,4.61046e-13,-93.3626,-62.5708,-10.7918,0
499,2,0,17.3205,-10,0,0,65,17.5705,-9.74458,0,189,2,8.37143,-12.8844,137,81,81,5.47513e-13,4.56261e-13,-93.4079,-62.6161,-10.7918,0
499,2,0,17.3205,-10,0,0,71,17.5705,-9.72136,0,275,2,19.8227,-0.792079,160,6,5,5.28997e-13,4.40831e-13,-93.5573,-62.7655,-10.7918,16.6667
499,2,0,17.3205,-10,0,0,50,17.5705,-10.2012,0,243,2,17.1556,-0.448479,108,44,44,5.27572e-13,4.39643e-13,-93.569,-62.7772,-10.7918,0
499,2,0,17.3205,-10,0,0,81,17.5705,-9.68266,0,49,1,9.96192,-3.5406,108,34,24,4.98501e-13,4.15417e-13,-93.8152,-63.0233,-10.7918,29.4118
499,2,0,17.3205,-10,0,0,59,17.5705,-9.7678,0,106,0,13.8652,-0.734863,107,48,48,4.87488e-13,4.0624e-13,-93.9122,-63.1204,-10.7918,0
499,2,0,17.3205,-10,0,0,88,17.5705,-10.3483,0,152,1,5.18589,-20.597,152,4,4,2.07234e-13,1.72695e-13,-97.6272,-66.8354,-10.7918,0
499,2,0,17.3205,-10,0,0,97,17.5705,-9.62074,0,242,2,2.78887,-24.5234,160,93,93,1.60563e-13,1.33803e-13,-98.7354,-67.9436,-10.7918,0
499,2,0,17.3205,-10,0,0,80,17.5705,-10.3173,0,252,2,3.92782,-23.7179,153,11,11,1.70986e-13,1.42488e-13,-98.4622,-67.6704,-10.7918,0
499,2,0,17.3205,-10,0,0,86,17.5705,-10.3406,0,199,2,5.57931,-19.9141,109,17,17,2.20389e-13,1.83657e-13,-97.3599,-66.5681,-10.7918,0
499,2,0,17.3205,-10,0,0,68,17.5705,-10.2709,0,246,2,5.52803,-21.2609,160,71,64,2.04146e-13,1.70121e-13,-97.6924,-66.9006,-10.7918,9.85915
499,2,0,17.3205,-10,0,0,90,17.5705,-10.356,0,141,2,6.34576,-19.7893,114,28,28,2.34278e-13,1.95232e-13,-97.0945,-66.3027,-10.7918,0
499,2,0,17.3205,-10,0,0,96,17.5705,-10.3793,0,146,0,6.82539,-20.4463,131,113,113,2.31988e-13,1.93324e-13,-97.1372,-66.3453,-10.7918,0
499,2,0,17.3205,-10,0,0,74,17.5705,-10.2941,0,240,2,0.33855,-27.2278,156,61,61,1.42055e-13,1.18379e-13,-99.2673,-68.4754,-10.7918,0
499,2,0,17.3205,-10,0,0,72,17.5705,-10.2864,0,180,2,5.42825,-14.842,138,116,116,2.89992e-13,2.4166e-13,-96.168,-65.3761,-10.7918,0
499,2,0,17.3205,-10,0,0,56,17.5705,-10.2245,0,223,2,7.21628,-22.4983,112,108,108,2.07862e-13,1.73219e-13,-97.6141,-66.8222,-10.7918,0
499,2,0,17.3205,-10,0,0,76,17.5705,-10.3019,0,219,1,7.64223,-20.8909,114,17,17,2.37451e-13,1.97876e-13,-97.0361,-66.2443,-10.7918,0
499,2,0,17.3205,-10,0,0,92,17.5705,-10.3638,0,4,1,1.39505,-28.0175,160,32,32,1.42608e-13,1.1884e-13,-99.2504,-68.4585,-10.7918,0
499,2,0,17.3205,-10,0,0,58,17.5705,-10.2322,0,280,2,7.02525,-24.9576,158,103,103,1.80567e-13,1.50473e-13,-98.2254,-67.4336,-10.7918,0
499,2,0,17.3205,-10,0,0,77,17.5705,-9.69814,0,203,2,4.20524,-27.5073,112,102,102,1.52565e-13,1.27137e-13,-98.9573,-68.1655,-10.7918,0
499,2,0,17.3205,-10,0,0,55,17.5705,-9.78328,0,9,2,8.00859,-23.3712,132,4,4,2.04321e-13,1.70268e-13,-97.6887,-66.8969,-10.7918,0
499,2,0,17.3205,-10,0,0,73,17.5705,-9.71362,0,149,0,9.09626,-17.5407,110,60,60,3.76672e-13,3.13893e-13,-95.0322,-64.2404,-10.7918,0
499,2,0,17.3205,-10,0,0,93,17.5705,-9.63622,0,177,1,7.15349,-13.6224,160,138,138,4.03185e-13,3.35988e-13,-94.7368,-63.945,-10.7918,0
499,2,0,17.3205,-10,0,0,64,17.5705,-10.2554,0,136,0,9.70352,-19.375,109,62,62,3.23267e-13,2.69389e-13,-95.6962,-64.9044,-10.7918,0
499,2,0,17.3205,-10,1,120,97,16.8671,-9.97313,0,107,2,19.3004,-11.0606,160,39,39,1.34263e-11,1.11886e-11,-79.5123,-48.7204,-10.7918,0
499,2,0,17.3205,-10,1,120,94,17.5173,-9.59773,0,110,0,19.0538,-6.46554,157,13,9,5.26257e-12,4.38548e-12,-83.5798,-52.788,-10.7918,30.7692
499,2,0,17.3205,-10,1,120,89,16.8939,-9.95765,0,115,0,15.9297,-9.86765,160,34,34,1.94088e-11,1.6174e-11,-77.9118,-47.12,-10.7918,0
499,2,0,17.3205,-10,2,240,99,17.5307,-10.41,0,120,0,17.8734,-11.065,160,30,30,2.07417e-11,1.72848e-11,-77.6234,-46.8316,-10.7918,0
499,2,0,17.3205,-10,2,240,95,17.5173,-10.4023,0,124,0,13.2513,-10.2308,156,5,5,4.86179e-12,4.05149e-12,-83.9239,-53.132,-10.7918,0
499,2,0,17.3205,-10,2,240,90,16.8872,-10.0385,0,129,0,16.4496,-11.0769,160,108,102,1.94928e-11,1.6244e-11,-77.8931,-47.1013,-10.7918,5.55556
499,2,0,17.3205,-10,2,240,89,17.4971,-10.3907,0,130,2,19.2887,-7.15875,160,0,0,6.92925e-12,5.77437e-12,-82.3849,-51.5931,-10.7918,0
499,3,2,-8.74228e-07,-20,0,0,97,0.249999,-19.6207,0,137,2,-0.416269,-22.5925,160,24,24,1.10286e-11,9.19048e-12,-80.3666,-49.5748,-10.7918,0
499,3,2,-8.74228e-07,-20,0,0,96,0.249999,-20.3793,0,138,1,2.51029,-20.0741,157,18,8,1.17191e-11,9.7659e-12,-80.1029,-49.3111,-10.7918,55.5556
499,3,2,-8.74228e-07,-20,0,0,94,0.249999,-20.3715,0,140,1,-2.11568,-17.2838,160,59,59,6.98297e-12,5.81914e-12,-82.3514,-51.5596,-10.7918,0
499,3,2,-8.74228e-07,-20,0,0,92,0.249999,-20.3638,0,142,2,-1.19062,-19.8502,156,107,106,2.07417e-11,1.72848e-11,-77.6234,-46.8316,-10.7918,0.934579
499,3,2,-8.74228e-07,-20,0,0,91,0.249999,-19.644,0,143,1,-1.28575,-18.9076,160,88,88,1.73495e-11,1.44579e-11,-78.3989,-47.6071,-10.7918,0
499,3,2,-8.74228e-07,-20,0,0,90,0.249999,-20.356,0,144,0,2.67586,-20.6445,160,6,3,1.0298e-11,8.5817e-12,-80.6643,-49.8724,-10.7918,50
499,3,2,-8.74228e-07,-20,0,0,87,0.249999,-19.6594,0,147,1,1.05993,-20.5626,160,51,51,2.07417e-11,1.72848e-11,-77.6234,-46.8316,-10.7918,0
499,3,2,-8.74228e-07,-20,0,0,86,0.249999,-20.3406,0,148,1,0.14525,-18.199,160,157,157,1.64901e-11,1.37418e-11,-78.6196,-47.8278,-10.7918,0
499,3,2,-8.74228e-07,-20,0,0,80,0.249999,-20.3173,0,163,1,0.270509,-18.8309,142,25,25,2.07417e-11,1.72848e-11,-77.6234,-46.8316,-10.7918,0
499,3,2,-8.74228e-07,-20,0,0,79,0.249999,-19.6904,0,150,1,-1.01067,-19.3531,138,51,51,2.07417e-11,1.72848e-11,-77.6234,-46.8316,-10.7918,0
499,3,2,-8.74228e-07,-20,0,0,76,0.249999,-20.3019,0,171,1,-4.36454,-21.1677,131,32,32,3.79539e-12,3.16282e-12,-84.9993,-54.2074,-10.7918,0
499,3,2,-8.74228e-07,-20,0,0,73,0.249999,-19.7136,0,165,1,1.17925,-20.2222,120,11,11,2.07417e-11,1.72848e-11,-77.6234,-46.8316,-10.7918,0
499,3,2,-8.74228e-07,-20,0,0,72,0.249999,-20.2864,0,38,1,3.32679,-17.7821,145,51,51,5.08063e-12,4.23386e-12,-83.7326,-52.9408,-10.7918,0
499,3,2,-8.74228e-07,-20,0,0,62,0.249999,-20.2477,0,36,2,-2.08123,-18.1615,159,132,132,1.01607e-11,8.46722e-12,-80.7226,-49.9308,-10.7918,0
499,3,2,-8.74228e-07,-20,0,0,61,0.249999,-19.7601,0,7,2,-4.01444,-17.9982,109,29,25,3.86344e-12,3.21953e-12,-84.9221,-54.1303,-10.7918,13.7931
499,3,2,-8.74228e-07,-20,0,0,60,0.249999,-20.2399,0,127,1,0.496832,-18.6891,155,77,77,1.93754e-11,1.61462e-11,-77.9193,-47.1275,-10.7918,0
499,3,2,-8.74228e-07,-20,0,0,40,0.249999,-20.1625,0,0,1,-3.97895,-19.2449,153,117,111,4.93359e-12,4.11132e-12,-83.8602,-53.0684,-10.7918,5.12821
499,3,2,-8.74228e-07,-20,0,0,59,0.249999,-19.7678,0,31,2,-1.17575,-20.24,118,98,98,2.07417e-11,1.72848e-11,-77.6234,-46.8316,-10.7918,0
499,3,2,-8.74228e-07,-20,0,0,58,0.249999,-20.2322,0,96,2,-1.80841,-17.8507,159,18,18,9.98442e-12,8.32035e-12,-80.7986,-50.0068,-10.7918,0
499,3,2,-8.74228e-07,-20,0,0,81,0.249999,-19.6827,0,20,2,-3.21588,-20.9265,160,120,109,7.37817e-12,6.14848e-12,-82.1123,-51.3205,-10.7918,9.16667
499,3,2,-8.74228e-07,-20,0,0,84,0.249999,-20.3328,0,13,2,0.00674218,-21.3633,128,108,108,1.96428e-11,1.6369e-11,-77.8598,-47.068,-10.7918,0
499,3,2,-8.74228e-07,-20,0,0,56,0.249999,-20.2245,0,3,2,0.566359,-21.4896,140,12,12,1.80203e-11,1.5017e-11,-78.2342,-47.4424,-10.7918,0
499,3,2,-8.74228e-07,-20,0,0,55,0.249999,-19.7833,0,102,2,-2.13176,-20.9735,154,150,139,1.27832e-11,1.06527e-11,-79.7254,-48.9336,-10.7918,7.33333
499,3,2,-8.74228e-07,-20,0,0,38,0.249999,-20.1548,0,41,2,-0.936486,-22.6737,152,81,81,9.85314e-12,8.21095e-12,-80.8561,-50.0643,-10.7918,0
499,3,2,-8.74228e-07,-20,0,0,50,0.249999,-20.2012,0,82,2,2.61581,-17.371,148,50,50,5.99581e-12,4.99651e-12,-83.0133,-52.2215,-10.7918,0
499,3,2,-8.74228e-07,-20,0,0,48,0.249999,-20.1935,0,46,2,0.163122,-18.8111,151,24,24,2.07417e-11,1.72848e-11,-77.6234,-46.8316,-10.7918,0
499,3,2,-8.74228e-07,-20,0,0,47,0.249999,-19.8142,0,56,2,-0.844728,-18.2665,160,80,80,1.56227e-11,1.3019e-11,-78.8542,-48.0624,-10.7918,0
499,3,2,-8.74228e-07,-20,0,0,45,0.249999,-19.822,0,62,2,2.30854,-22.9248,116,104,104,5.9361e-12,4.94675e-12,-83.0568,-52.265,-10.7918,0
499,3,2,-8.74228e-07,-20,0,0,44,0.249999,-20.178,0,67,2,-0.00681509,-21.8249,144,51,51,1.63604e-11,1.36337e-11,-78.6539,-47.862,-10.7918,0
499,3,2,-8.74228e-07,-20,0,0,51,0.249999,-19.7988,0,183,2,-2.36048,-17.3281,114,98,98,6.5099e-12,5.42491e-12,-82.6561,-51.8643,-10.7918,0
499,3,2,-8.74228e-07,-20,0,0,39,0.249999,-19.8452,0,207,2,0.257242,-21.1721,160,8,8,2.07417e-11,1.72848e-11,-77.6234,-46.8316,-10.7918,0
499,3,2,-8.74228e-07,-20,0,0,27,0.249999,-19.8916,0,214,2,1.87175,-22.8217,129,63,63,7.21399e-12,6.01166e-12,-82.2101,-51.4182,-10.7918,0
499,3,2,-8.74228e-07,-20,0,0,9,0.249999,-19.9613,0,296,2,1.75833,-18.4221,128,15,15,1.26598e-11,1.05499e-11,-79.7675,-48.9757,-10.7918,0
499,3,2,-8.74228e-07,-20,0,0,8,0.249999,-20.0387,0,273,2,-2.45928,-20.5861,130,65,65,1.1616e-11,9.67997e-12,-80.1413,-49.3494,-10.7918,0
499,3,2,-8.74228e-07,-20,0,0,6,0.249999,-20.031,0,305,2,-2.36238,-22.0494,144,79,79,8.35787e-12,6.96489e-12,-81.5709,-50.779,-10.7918,0
499,3,2,-8.74228e-07,-20,0,0,23,0.249999,-19.9071,0,184,2,-5.12717,-21.4745,130,117,117,2.46281e-12,2.05234e-12,-86.8775,-56.0857,-10.7918,0
499,3,2,-8.74228e-07,-20,0,0,22,0.249999,-20.0929,0,181,2,-1.68241,-10.151,158,106,106,4.76254e-13,3.96878e-13,-94.0134,-63.2216,-10.7918,0
499,3,2,-8.74228e-07,-20,0,0,31,0.249999,-19.8762,0,313,2,4.90193,-12.0402,122,79,79,5.55033e-13,4.62527e-13,-93.3486,-62.5568,-10.7918,0
499,3,2,-8.74228e-07,-20,0,0,30,0.249999,-20.1238,0,121,2,4.19842,-16.5149,160,79,79,2.31741e-12,1.93118e-12,-87.1418,-56.35,-10.7918,0
499,3,2,-8.74228e-07,-20,0,0,82,0.249999,-20.3251,0,39,1,-1.93516,-14.6873,121,108,108,2.10322e-12,1.75268e-12,-87.563,-56.7712,-10.7918,0
499,3,2,-8.74228e-07,-20,0,0,53,0.249999,-19.791,0,169,2,7.498,-21.2319,160,32,32,9.36536e-13,7.80447e-13,-91.0766,-60.2848,-10.7918,0
499,3,2,-8.74228e-07,-20,0,0,12,0.249999,-20.0542,0,164,0,-0.558099,-15.2529,148,114,104,3.29092e-12,2.74243e-12,-85.6186,-54.8268,-10.7918,8.77193
499,3,2,-8.74228e-07,-20,0,0,95,0.249999,-19.6285,0,103,2,-8.75238,-19.0299,160,66,56,6.41117e-13,5.34264e-13,-92.7224,-61.9306,-10.7918,15.1515
499,3,2,-8.74228e-07,-20,0,0,15,0.249999,-19.9381,0,128,1,-7.03308,-17.2038,110,27,26,9.46442e-13,7.88701e-13,-91.0309,-60.2391,-10.7918,3.7037
499,3,2,-8.74228e-07,-20,0,0,19,0.249999,-19.9226,0,114,1,-4.63217,-22.973,136,72,72,2.26326e-12,1.88605e-12,-87.2445,-56.4527,-10.7918,0
499,3,2,-8.74228e-07,-20,0,0,35,0.249999,-19.8607,0,188,1,-5.02571,-24.1266,147,5,5,1.43058e-12,1.19215e-12,-89.2367,-58.4449,-10.7918,0
499,3,2,-8.74228e-07,-20,1,120,93,-0.440044,-19.9654,0,156,0,0.913544,-17.1888,160,89,89,9.20347e-12,7.66956e-12,-81.1523,-50.3605,-10.7918,0
499,3,2,-8.74228e-07,-20,1,120,89,-0.426638,-19.9576,0,160,0,-1.02619,-19.378,160,97,97,2.07417e-11,1.72848e-11,-77.6234,-46.8316,-10.7918,0
499,3,2,-8.74228e-07,-20,2,240,98,-0.460153,-20.023,0,166,0,-0.663312,-21,160,28,26,2.07417e-11,1.72848e-11,-77.6234,-46.8316,-10.7918,7.14286
499,3,2,-8.74228e-07,-20,2,240,94,-0.446747,-20.0307,0,170,2,0.383066,-21.1372,160,115,114,2.07417e-11,1.72848e-11,-77.6234,-46.8316,-10.7918,0.869565
499,4,0,-17.3205,-10,0,0,94,-17.0705,-10.3715,0,204,1,-18.3192,-9.33471,151,138,138,2.07417e-11,1.72848e-11,-77.6234,-46.8316,-10.7918,0
499,4,0,-17.3205,-10,0,0,77,-17.0705,-9.69814,0,187,2,-19.6533,-8.02709,129,3,3,8.70554e-12,7.25462e-12,-81.3939,-50.602,-10.7918,0
499,4,0,-17.3205,-10,0,0,68,-17.0705,-10.2709,0,175,2,-13.5693,-10.6297,116,22,19,5.67775e-12,4.73146e-12,-83.25,-52.4582,-10.7918,13.6364
499,4,0,-17.3205,-10,0,0,89,-17.0705,-9.6517,0,151,2,-18.0964,-9.08461,142,116,116,2.07417e-11,1.72848e-11,-77.6234,-46.8316,-10.7918,0
499,4,0,-17.3205,-10,0,0,86,-17.0705,-10.3406,0,93,2,-18.3856,-10.5528,160,116,116,2.07417e-11,1.72848e-11,-77.6234,-46.8316,-10.7918,0
499,4,0,-17.3205,-10,0,0,64,-17.0705,-10.2554,0,52,2,-14.8542,-13.5139,121,115,115,4.30118e-12,3.58432e-12,-84.4559,-53.6641,-10.7918,0
499,4,0,-17.3205,-10,0,0,65,-17.0705,-9.74458,0,295,2,-17.7734,-8.23418,159,44,44,1.63743e-11,1.36453e-11,-78.6502,-47.8584,-10.7918,0
499,4,0,-17.3205,-10,0,0,49,-17.0705,-9.8065,0,182,0,-13.0495,-11.8692,151,81,81,3.50735e-12,2.92279e-12,-85.342,-54.5502,-10.7918,0
499,4,0,-17.3205,-10,0,0,76,-17.0705,-10.3019,0,222,0,-20.226,-13.7915,148,74,74,3.29635e-12,2.74695e-12,-85.6115,-54.8197,-10.7918,0
499,4,0,-17.3205,-10,0,0,78,-17.0705,-10.3096,0,201,1,-19.6186,-5.62898,160,10,10,3.02389e-12,2.51991e-12,-85.9862,-55.1943,-10.7918,0
499,4,0,-17.3205,-10,0,0,69,-17.0705,-9.7291,0,191,2,-1.57492,-24.7838,155,130,130,1.54088e-13,1.28407e-13,-98.9141,-68.1223,-10.7918,0
499,4,0,-17.3205,-10,0,0,99,-17.0705,-9.613,0,157,1,-3.81248,-16.6764,133,3,0,2.2639e-13,1.88659e-13,-97.2432,-66.4514,-10.7918,0
499,4,0,-17.3205,-10,0,0,61,-17.0705,-9.76006,0,174,0,-3.02454,-24.2365,145,8,8,1.63121e-13,1.35934e-13,-98.6667,-67.8749,-10.7918,0
499,4,0,-17.3205,-10,0,0,79,-17.0705,-9.6904,0,247,2,-2.84914,-15.6118,153,53,53,2.17462e-13,1.81218e-13,-97.418,-66.6262,-10.7918,0
499,4,0,-17.3205,-10,0,0,73,-17.0705,-9.71362,0,158,0,-5.43116,-19.3405,143,71,71,2.25321e-13,1.87767e-13,-97.2638,-66.472,-10.7918,0
499,4,0,-17.3205,-10,0,0,70,-17.0705,-10.2786,0,155,0,-4.67574,-17.1452,143,90,90,2.38545e-13,1.98788e-13,-97.0161,-66.2243,-10.7918,0
499,4,0,-17.3205,-10,0,0,56,-17.0705,-10.2245,0,190,2,-2.73091,-24.7981,160,17,17,1.59013e-13,1.32511e-13,-98.7775,-67.9857,-10.7918,0
499,4,0,-17.3205,-10,0,0,83,-17.0705,-9.67492,0,299,2,-15.6394,-4.69764,160,54,54,2.19924e-12,1.8327e-12,-87.3691,-56.5773,-10.7918,0
499,4,0,-17.3205,-10,0,0,98,-17.0705,-10.387,0,194,0,-11.8717,-8.7411,142,22,22,2.16738e-12,1.80615e-12,-87.4325,-56.6407,-10.7918,0
499,4,0,-17.3205,-10,0,0,67,-17.0705,-9.73684,0,73,2,-17.95,-4.35585,148,108,108,2.07802e-12,1.73169e-12,-87.6153,-56.8235,-10.7918,0
499,4,0,-17.3205,-10,0,0,50,-17.0705,-10.2012,0,215,1,-22.5372,-7.33288,117,5,5,1.90762e-12,1.58968e-12,-87.9869,-57.1951,-10.7918,0
499,4,0,-17.3205,-10,0,0,48,-17.0705,-10.1935,0,176,1,-2.93759,-25.2569,160,94,82,1.57828e-13,1.31523e-13,-98.81,-68.0182,-10.7918,12.766
499,4,0,-17.3205,-10,0,0,63,-17.0705,-9.75232,0,248,2,-4.34605,-24.4015,107,83,83,1.69198e-13,1.40999e-13,-98.5079,-67.716,-10.7918,0
499,4,0,-17.3205,-10,0,0,75,-17.0705,-9.70588,0,205,0,-18.4834,-3.86798,136,52,52,1.60229e-12,1.33524e-12,-88.7444,-57.9526,-10.7918,0
499,4,0,-17.3205,-10,0,0,54,-17.0705,-10.2167,0,239,2,-3.97469,-24.8463,143,98,98,1.64669e-13,1.37224e-13,-98.6257,-67.8339,-10.7918,0
499,4,0,-17.3205,-10,0,0,53,-17.0705,-9.79102,0,287,2,-6.28362,-20.7186,111,59,47,2.2004e-13,1.83367e-13,-97.3668,-66.575,-10.7918,20.339
499,4,0,-17.3205,-10,0,0,96,-17.0705,-10.3793,0,209,0,-20.554,-4.4652,135,33,33,1.48843e-12,1.24036e-12,-89.0645,-58.2727,-10.7918,0
499,4,0,-17.3205,-10,0,0,82,-17.0705,-10.3251,0,178,2,-10.7623,-10.2676,160,80,72,1.39427e-12,1.16189e-12,-89.3483,-58.5565,-10.7918,10
499,4,0,-17.3205,-10,0,0,81,-17.0705,-9.68266,0,298,2,-6.24493,-22.0594,160,156,156,2.031e-13,1.6925e-13,-97.7147,-66.9229,-10.7918,0
499,4,0,-17.3205,-10,0,0,84,-17.0705,-10.3328,0,11,2,-1.02059,-26.6697,110,77,77,1.45613e-13,1.21344e-13,-99.1598,-68.368,-10.7918,0
499,4,0,-17.3205,-10,0,0,95,-17.0705,-9.62848,0,192,0,-11.7874,-5.88685,130,44,44,1.21811e-12,1.01509e-12,-89.935,-59.1431,-10.7918,0
499,4,0,-17.3205,-10,0,0,88,-17.0705,-10.3483,0,220,0,-24.2305,-12.1175,127,73,73,1.0714e-12,8.92831e-13,-90.4923,-59.7005,-10.7918,0
499,4,0,-17.3205,-10,0,0,60,-17.0705,-10.2399,0,84,2,-6.46875,-16.6466,160,21,21,2.9451e-13,2.45425e-13,-96.1008,-65.309,-10.7918,0
499,4,0,-17.3205,-10,0,0,74,-17.0705,-10.2941,0,210,1,-23.4918,-14.3686,159,121,121,9.4897e-13,7.90808e-13,-91.0193,-60.2275,-10.7918,0
499,4,0,-17.3205,-10,0,0,92,-17.0705,-10.3638,0,126,1,-7.57294,-19.7187,126,120,120,2.58731e-13,2.15609e-13,-96.6633,-65.8715,-10.7918,0
499,4,0,-17.3205,-10,0,0,59,-17.0705,-9.7678,0,172,2,-18.9557,-2.49888,160,132,132,9.1124e-13,7.59367e-13,-91.1955,-60.4037,-10.7918,0
499,4,0,-17.3205,-10,0,0,93,-17.0705,-9.63622,0,22,2,-20.8589,-16.815,116,9,9,9.10757e-13,7.58964e-13,-91.1978,-60.406,-10.7918,0
499,4,0,-17.3205,-10,0,0,85,-17.0705,-9.66718,0,221,1,-24.5919,-7.27822,109,13,13,8.84548e-13,7.37123e-13,-91.3246,-60.5328,-10.7918,0
499,4,0,-17.3205,-10,0,0,66,-17.0705,-10.2632,0,290,2,-7.50947,-17.4634,160,128,128,3.11524e-13,2.59604e-13,-95.8569,-65.0651,-10.7918,0
499,4,0,-17.3205,-10,0,0,52,-17.0705,-10.209,0,197,1,-25.3031,-11.1654,160,44,44,8.00232e-13,6.6686e-13,-91.7597,-60.9678,-10.7918,0
499,4,0,-17.3205,-10,0,0,51,-17.0705,-9.79876,0,216,0,-22.0473,-16.6166,120,19,19,7.83954e-13,6.53295e-13,-91.8489,-61.0571,-10.7918,0
499,4,0,-17.3205,-10,0,0,80,-17.0705,-10.3173,0,202,0,-13.8406,-2.35679,118,5,5,7.21843e-13,6.01536e-13,-92.2074,-61.4156,-10.7918,0
499,4,0,-17.3205,-10,0,0,55,-17.0705,-9.78328,0,217,1,-11.4657,-16.1174,153,113,113,7.06931e-13,5.89109e-13,-92.298,-61.5062,-10.7918,0
499,4,0,-17.3205,-10,0,0,62,-17.0705,-10.2477,0,179,1,-6.45039,-13.3668,160,106,106,3.62212e-13,3.01843e-13,-95.2022,-64.4104,-10.7918,0
499,4,0,-17.3205,-10,0,0,87,-17.0705,-9.65944,0,66,2,-9.38145,-20.5011,156,81,81,2.78046e-13,2.31705e-13,-96.3507,-65.5588,-10.7918,0
499,4,0,-17.3205,-10,0,0,58,-17.0705,-10.2322,0,269,2,-0.0620397,-29.4431,108,4,0,1.35948e-13,1.1329e-13,-99.4581,-68.6663,-10.7918,0
499,4,0,-17.3205,-10,0,0,97,-17.0705,-9.62074,0,78,2,-7.72789,-10.0502,160,158,158,5.22512e-13,4.35427e-13,-93.6108,-62.819,-10.7918,0
499,4,0,-17.3205,-10,0,0,72,-17.0705,-10.2864,0,267,1,-16.1567,-0.424346,136,130,130,5.15863e-13,4.29886e-13,-93.6665,-62.8747,-10.7918,0
499,4,0,-17.3205,-10,0,0,91,-17.0705,-9.64396,0,25,2,-9.55622,-21.7556,155,4,4,2.49617e-13,2.08014e-13,-96.8191,-66.0273,-10.7918,0
499,4,0,-17.3205,-10,0,0,57,-17.0705,-9.77554,0,186,2,-2.75803,-29.3415,160,42,42,1.41978e-13,1.18315e-13,-99.2696,-68.4778,-10.7918,0
499,4,0,-17.3205,-10,0,0,71,-17.0705,-9.72136,0,212,0,-26.1384,-14.4828,107,44,44,4.87105e-13,4.05921e-13,-93.9156,-63.1238,-10.7918,0
499,4,0,-17.3205,-10,1,120,96,-17.1171,-9.59386,0,198,0,-17.4448,-8.80645,160,119,119,2.07417e-11,1.72848e-11,-77.6234,-46.8316,-10.7918,0
499,4,0,-17.3205,-10,1,120,94,-17.1238,-9.59773,0,200,0,-17.4872,-5.67896,154,60,60,4.22662e-12,3.52218e-12,-84.5319,-53.7401,-10.7918,0
499,4,0,-17.3205,-10,2,240,96,-17.774,-10.0269,0,213,0,-16.1179,-14.2387,153,135,133,4.03819e-12,3.36516e-12,-84.7299,-53.9381,-10.7918,1.48148
499,4,0,-17.3205,-10,2,240,91,-17.1372,-10.3945,0,218,1,-17.0232,-8.78373,159,65,56,2.03977e-11,1.69981e-11,-77.696,-46.9042,-10.7918,13.8462
499,5,0,-17.3205,10,0,0,96,-17.0705,9.62075,0,228,0,-16.2135,11.0167,160,53,53,1.86651e-11,1.55543e-11,-78.0815,-47.2897,-10.7918,0
499,5,0,-17.3205,10,0,0,90,-17.0705,9.64397,0,234,1,-17.357,11.1995,160,111,111,2.07417e-11,1.72848e-11,-77.6234,-46.8316,-10.7918,0
499,5,0,-17.3205,10,0,0,85,-17.0705,10.3328,0,264,1,-17.1998,8.33433,146,138,130,1.74723e-11,1.45602e-11,-78.3683,-47.5765,-10.7918,5.7971
499,5,0,-17.3205,10,0,0,75,-17.0705,10.2941,0,249,1,-18.759,12.1376,126,81,81,1.13218e-11,9.43486e-12,-80.2526,-49.4608,-10.7918,0
499,5,0,-17.3205,10,0,0,71,-17.0705,10.2786,0,231,2,-18.0291,9.03153,114,13,13,2.07417e-11,1.72848e-11,-77.6234,-46.8316,-10.7918,0
499,5,0,-17.3205,10,0,0,61,-17.0705,10.2399,0,24,1,-14.2395,9.82758,160,94,94,8.55641e-12,7.13034e-12,-81.4689,-50.6771,-10.7918,0
499,5,0,-17.3205,10,0,0,77,-17.0705,10.3019,0,28,1,-15.8072,10.5795,146,19,19,1.78283e-11,1.48569e-11,-78.2807,-47.4889,-10.7918,0
499,5,0,-17.3205,10,0,0,97,-17.0705,10.3793,0,95,2,-15.9749,8.5137,127,17,17,1.5082e-11,1.25683e-11,-79.0072,-48.2154,-10.7918,0
499,5,0,-17.3205,10,0,0,63,-17.0705,10.2477,0,309,2,-18.9112,8.5072,160,114,110,1.38612e-11,1.1551e-11,-79.3738,-48.582,-10.7918,3.50877
499,5,0,-17.3205,10,0,0,92,-17.0705,9.63623,0,236,1,-20.2566,13.9164,112,11,11,3.09453e-12,2.57878e-12,-85.8859,-55.094,-10.7918,0
499,5,0,-17.3205,10,0,0,82,-17.0705,9.67493,0,193,2,-14.4341,6.00303,110,0,0,3.03689e-12,2.53074e-12,-85.9675,-55.1757,-10.7918,0
499,5,0,-17.3205,10,0,0,80,-17.0705,9.68267,0,257,1,-12.4731,12.5422,112,101,101,2.29775e-12,1.91479e-12,-87.1788,-56.387,-10.7918,0
499,5,0,-17.3205,10,0,0,65,-17.0705,10.2554,0,206,1,-19.7682,4.97692,155,117,111,2.17228e-12,1.81024e-12,-87.4226,-56.6308,-10.7918,5.12821
499,5,0,-17.3205,10,0,0,78,-17.0705,9.69041,0,244,1,-17.0588,4.41339,124,93,93,2.16695e-12,1.80579e-12,-87.4333,-56.6415,-10.7918,0
499,5,0,-17.3205,10,0,0,88,-17.0705,9.65171,0,227,0,-12.1187,7.85704,142,84,84,2.13226e-12,1.77688e-12,-87.5034,-56.7116,-10.7918,0
499,5,0,-17.3205,10,0,0,83,-17.0705,10.3251,0,230,0,-14.4221,5.13706,141,117,117,2.09611e-12,1.74675e-12,-87.5777,-56.7859,-10.7918,0
499,5,0,-17.3205,10,0,0,58,-17.0705,9.76781,0,235,1,-23.4279,9.53164,140,24,19,1.68752e-12,1.40627e-12,-88.5193,-57.7275,-10.7918,20.8333
499,5,0,-17.3205,10,0,0,57,-17.0705,10.2245,0,226,0,-11.8078,12.7137,137,122,122,1.67305e-12,1.39421e-12,-88.5567,-57.7649,-10.7918,0
499,5,0,-17.3205,10,0,0,73,-17.0705,10.2864,0,238,0,-13.4094,5.19779,137,66,61,1.63678e-12,1.36398e-12,-88.6519,-57.8601,-10.7918,7.57576
499,5,0,-17.3205,10,0,0,87,-17.0705,10.3406,0,266,0,-22.9925,6.82251,134,62,62,1.43146e-12,1.19288e-12,-89.234,-58.4422,-10.7918,0
499,5,0,-17.3205,10,0,0,79,-17.0705,10.3096,0,241,0,-16.6369,16.6138,133,102,102,1.34555e-12,1.12129e-12,-89.5028,-58.711,-10.7918,0
499,5,0,-17.3205,10,0,0,86,-17.0705,9.65945,0,289,1,-15.865,16.629,160,136,136,1.27172e-12,1.05977e-12,-89.7479,-58.9561,-10.7918,0
499,5,0,-17.3205,10,0,0,93,-17.0705,10.3638,0,263,1,-10.4196,7.87816,112,48,48,1.07439e-12,8.95324e-13,-90.4802,-59.6884,-10.7918,0
499,5,0,-17.3205,10,0,0,91,-17.0705,10.356,0,251,1,-14.3265,3.25331,160,34,34,1.01214e-12,8.43449e-13,-90.7394,-59.9476,-10.7918,0
499,5,0,-17.3205,10,0,0,99,-17.0705,10.387,0,196,1,-10.6771,6.34889,160,127,127,9.42431e-13,7.85359e-13,-91.0493,-60.2575,-10.7918,0
499,5,0,-17.3205,10,0,0,68,-17.0705,9.72911,0,258,2,-22.0859,16.0013,158,83,78,9.15691e-13,7.63076e-13,-91.1743,-60.3825,-10.7918,6.0241
499,5,0,-17.3205,10,0,0,67,-17.0705,10.2632,0,245,0,-24.7256,12.7389,122,81,81,8.46406e-13,7.05338e-13,-91.516,-60.7242,-10.7918,0
499,5,0,-17.3205,10,0,0,84,-17.0705,9.66719,0,237,2,-11.0844,14.8576,160,97,94,8.43793e-13,7.03161e-13,-91.5294,-60.7376,-10.7918,3.09278
499,5,0,-17.3205,10,0,0,59,-17.0705,10.2322,0,253,1,-17.646,1.57176,133,115,115,7.13972e-13,5.94976e-13,-92.255,-61.4632,-10.7918,0
499,5,0,-17.3205,10,0,0,62,-17.0705,9.75233,0,268,0,-15.71,1.4996,116,46,46,6.6983e-13,5.58192e-13,-92.5322,-61.7404,-10.7918,0
499,5,0,-17.3205,10,0,0,69,-17.0705,10.2709,0,270,2,-10.5264,3.96508,160,127,127,5.93799e-13,4.94833e-13,-93.0554,-62.2636,-10.7918,0
499,5,0,-17.3205,10,0,0,81,-17.0705,10.3173,0,233,2,-24.6283,15.6178,155,73,68,5.73875e-13,4.78229e-13,-93.2036,-62.4118,-10.7918,6.84932
499,5,0,-17.3205,10,0,0,70,-17.0705,9.72137,0,262,0,-26.5351,7.88134,110,45,45,5.40397e-13,4.50331e-13,-93.4647,-62.6729,-10.7918,0
499,5,0,-17.3205,10,0,0,74,-17.0705,9.70589,0,225,0,-10.4522,16.6688,109,14,11,5.24987e-13,4.37489e-13,-93.5903,-62.7985,-10.7918,21.4286
499,5,0,-17.3205,10,0,0,94,-17.0705,9.62849,0,259,0,-24.6179,3.62046,109,1,1,5.1017e-13,4.25142e-13,-93.7147,-62.9228,-10.7918,0
499,5,0,-17.3205,10,0,0,89,-17.0705,10.3483,0,250,1,-11.0173,2.50619,126,96,96,4.9841e-13,4.15341e-13,-93.8159,-63.0241,-10.7918,0
499,5,0,-17.3205,10,2,240,93,-17.1305,9.60161,0,261,1,-20.2713,12.7284,157,63,63,5.02154e-12,4.18462e-12,-83.7834,-52.9916,-10.7918,0
499,6,0,-8.74228e-07,20,0,0,97,0.249999,20.3793,0,272,0,2.86876,19.9816,160,120,120,9.6598e-12,8.04983e-12,-80.9421,-50.1503,-10.7918,0
499,6,0,-8.74228e-07,20,0,0,90,0.249999,19.644,0,279,0,1.359,19.6457,160,125,125,1.9358e-11,1.61317e-11,-77.9232,-47.1314,-10.7918,0
499,6,0,-8.74228e-07,20,0,0,87,0.249999,20.3406,0,282,0,1.42331,19.6259,160,42,42,1.8887e-11,1.57392e-11,-78.0302,-47.2384,-10.7918,0
499,6,0,-8.74228e-07,20,0,0,86,0.249999,19.6594,0,283,0,3.42749,21.2027,159,97,97,6.26384e-12,5.21987e-12,-82.8234,-52.0316,-10.7918,0
499,6,0,-8.74228e-07,20,0,0,80,0.249999,19.6827,0,308,1,-1.5834,19.1483,122,110,110,1.65537e-11,1.37947e-11,-78.6029,-47.8111,-10.7918,0
499,6,0,-8.74228e-07,20,0,0,72,0.249999,19.7136,0,23,1,-0.781496,17.2693,160,30,30,9.81282e-12,8.17735e-12,-80.8739,-50.0821,-10.7918,0
499,6,0,-8.74228e-07,20,0,0,99,0.249999,20.387,0,64,1,-0.25581,18.8276,115,85,85,2.07417e-11,1.72848e-11,-77.6234,-46.8316,-10.7918,0
499,6,0,-8.74228e-07,20,0,0,67,0.249999,20.2632,0,65,2,0.865884,20.8308,130,19,19,2.07417e-11,1.72848e-11,-77.6234,-46.8316,-10.7918,0
499,6,0,-8.74228e-07,20,0,0,70,0.249999,19.7214,0,211,2,-1.00364,15.9957,130,112,112,4.71977e-12,3.93314e-12,-84.0526,-53.2608,-10.7918,0
499,6,0,-8.74228e-07,20,0,0,63,0.249999,20.2477,0,277,0,4.57501,18.8025,151,66,66,3.38215e-12,2.81846e-12,-85.4999,-54.7081,-10.7918,0
499,6,0,-8.74228e-07,20,0,0,76,0.249999,19.6981,0,291,0,-5.67893,20.6392,141,0,0,2.04271e-12,1.70226e-12,-87.6897,-56.8979,-10.7918,0
499,6,0,-8.74228e-07,20,0,0,85,0.249999,20.3328,0,278,1,-4.45431,24.2361,160,56,56,1.67115e-12,1.39262e-12,-88.5617,-57.7698,-10.7918,0
499,6,0,-8.74228e-07,20,0,0,91,0.249999,20.356,0,312,0,-3.95849,15.2777,137,86,86,1.65996e-12,1.3833e-12,-88.5909,-57.799,-10.7918,0
499,6,0,-8.74228e-07,20,0,0,78,0.249999,19.6904,0,79,1,5.80337,16.9347,160,121,121,1.39458e-12,1.16215e-12,-89.3474,-58.5556,-10.7918,0
499,6,0,-8.74228e-07,20,0,0,88,0.249999,19.6517,0,297,1,5.48033,23.829,126,7,7,1.32547e-12,1.10456e-12,-89.5681,-58.7763,-10.7918,0
499,6,0,-8.74228e-07,20,0,0,83,0.249999,20.3251,0,311,0,-0.33503,13.1684,131,19,19,1.24491e-12,1.03743e-12,-89.8404,-59.0486,-10.7918,0
499,6,0,-8.74228e-07,20,0,0,74,0.249999,19.7059,0,276,0,5.18029,14.6534,126,49,49,9.89169e-13,8.24307e-13,-90.8391,-60.0473,-10.7918,0
499,6,0,-8.74228e-07,20,0,0,92,0.249999,19.6362,0,271,0,4.00802,13.7058,126,118,115,9.82984e-13,8.19153e-13,-90.8663,-60.0745,-10.7918,2.54237
499,6,0,-8.74228e-07,20,0,0,93,0.249999,20.3638,0,61,1,-0.314969,12.2151,160,107,107,8.76445e-13,7.30371e-13,-91.3646,-60.5728,-10.7918,0
499,6,0,-8.74228e-07,20,0,0,82,0.249999,19.6749,0,286,1,-5.51462,14.4496,160,41,32,8.66767e-13,7.22306e-13,-91.4128,-60.621,-10.7918,21.9512
499,6,0,-8.74228e-07,20,0,0,62,0.249999,19.7523,0,294,1,4.66775,13.6669,160,21,21,8.54308e-13,7.11923e-13,-91.4757,-60.6839,-10.7918,0
499,6,0,-8.74228e-07,20,0,0,94,0.249999,19.6285,0,16,2,0.4552,29.1435,160,115,115,5.83336e-13,4.86113e-13,-93.1326,-62.3408,-10.7918,0
499,6,0,-8.74228e-07,20,0,0,61,0.249999,20.2399,0,284,1,-3.93669,11.521,121,58,58,5.5501e-13,4.62508e-13,-93.3488,-62.557,-10.7918,0
499,6,0,-8.74228e-07,20,0,0,79,0.249999,20.3096,0,285,1,-6.80258,13.3875,107,12,12,5.36168e-13,4.46807e-13,-93.4988,-62.707,-10.7918,0
499,6,0,-8.74228e-07,20,0,0,66,0.249999,19.7368,0,229,2,8.56572,15.4637,160,140,140,5.10174e-13,4.25145e-13,-93.7146,-62.9228,-10.7918,0
499,6,0,-8.74228e-07,20,0,0,71,0.249999,20.2786,0,15,1,0.369092,29.7141,160,53,53,5.06769e-13,4.22307e-13,-93.7437,-62.9519,-10.7918,0
499,6,0,-8.74228e-07,20,0,0,77,0.249999,20.3019,0,310,0,2.42988,10.4013,107,38,38,4.86046e-13,4.05039e-13,-93.925,-63.1332,-10.7918,0
499,6,0,-8.74228e-07,20,1,120,96,0.203448,20.4061,0,288,0,-2.37851,23.1807,157,148,148,5.15828e-12,4.29856e-12,-83.6668,-52.875,-10.7918,0
499,6,0,-8.74228e-07,20,1,120,92,0.190042,20.3984,0,292,0,-2.96714,22.9499,155,21,21,4.57303e-12,3.81086e-12,-84.1898,-53.398,-10.7918,0
499,6,0,-8.74228e-07,20,1,120,91,-0.433341,20.0385,0,293,0,0.423468,21.1885,160,157,154,2.03334e-11,1.69445e-11,-77.7097,-46.9179,-10.7918,1.91083
499,6,0,-8.74228e-07,20,2,240,98,-0.460153,19.977,0,301,0,-2.3929,17.9425,160,77,77,8.22462e-12,6.85385e-12,-81.6407,-50.8488,-10.7918,0
499,6,0,-8.74228e-07,20,2,240,97,0.203448,19.5939,0,302,0,-3.2879,18.6064,159,32,32,6.48829e-12,5.40691e-12,-82.6705,-51.8787,-10.7918,0
499,6,0,-8.74228e-07,20,2,240,96,-0.45345,19.9731,0,303,0,-0.655662,16.5793,159,93,89,6.8243e-12,5.68692e-12,-82.4512,-51.6594,-10.7918,4.30108
499,6,0,-8.74228e-07,20,2,240,95,0.196745,19.5977,0,304,0,-1.14772,17.0401,159,39,39,8.13739e-12,6.78116e-12,-81.687,-50.8951,-10.7918,0
499,6,0,-8.74228e-07,20,2,240,85,0.16323,19.6171,0,314,0,-0.0861996,18.8031,160,70,70,2.07417e-11,1.72848e-11,-77.6234,-46.8315,-10.7918,0
.6171,0,314,0,-0.0861996,18.8031,160,67,67,2.07417e-11,1.72848e-11,-77.6234,-46.8315,-10.7918,0
1,-77.6234,-46.8315,-10.7918,0

499,5,0,-17.3205,10,0,0,98,-17.0705,9.61301,0,67,1,-19.6516,8.97073,118,11,11,1.14934e-11,9.57782e-12,-80.1873,-49.3955,-10.7918,0
499,5,0,-17.3205,10,0,0,53,-17.0705,10.209,0,79,1,-17.1615,8.69105,125,95,95,1.99494e-11,1.66245e-11,-77.7925,-47.0007,-10.7918,0
499,5,0,-17.3205,10,0,0,74,-17.0705,9.70589,0,344,2,-16.0598,7.28521,160,17,17,9.01346e-12,7.51122e-12,-81.2429,-50.4511,-10.7918,0
499,5,0,-17.3205,10,0,0,68,-17.0705,9.72911,0,119,1,-16.8126,6.96548,160,37,37,8.6005e-12,7.16709e-12,-81.4466,-50.6548,-10.7918,0
499,5,0,-17.3205,10,0,0,61,-17.0705,10.2399,0,141,2,-18.4443,9.57924,111,64,64,2.07417e-11,1.72848e-11,-77.6234,-46.8316,-10.7918,0
499,5,0,-17.3205,10,0,0,36,-17.0705,9.85295,0,114,1,-18.192,8.60608,159,85,85,1.76596e-11,1.47163e-11,-78.322,-47.5302,-10.7918,0
499,5,0,-17.3205,10,0,0,78,-17.0705,9.69041,0,332,2,-18.1527,10.8646,136,24,24,2.07417e-11,1.72848e-11,-77.6234,-46.8316,-10.7918,0
499,5,0,-17.3205,10,0,0,88,-17.0705,9.65171,0,133,2,-17.3624,11.1993,130,117,117,2.07417e-11,1.72848e-11,-77.6234,-46.8316,-10.7918,0
499,5,0,-17.3205,10,0,0,66,-17.0705,9.73685,0,335,1,-18.2584,11.8973,145,10,10,1.4306e-11,1.19216e-11,-79.2366,-48.4448,-10.7918,0
499,5,0,-17.3205,10,0,0,77,-17.0705,10.3019,0,196,2,-14.3891,8.07205,160,104,99,6.72488e-12,5.60407e-12,-82.515,-51.7231,-10.7918,4.80769
499,5,0,-17.3205,10,0,0,45,-17.0705,10.178,0,187,2,-17.0362,8.83416,160,11,11,2.07417e-11,1.72848e-11,-77.6234,-46.8316,-10.7918,0
499,5,0,-17.3205,10,0,0,70,-17.0705,9.72137,0,244,2,-15.7456,9.28575,109,58,58,1.70465e-11,1.42054e-11,-78.4755,-47.6837,-10.7918,0
499,5,0,-17.3205,10,0,0,43,-17.0705,10.1703,0,426,2,-16.1181,12.1563,160,2,2,1.19832e-11,9.986e-12,-80.0061,-49.2143,-10.7918,0
499,5,0,-17.3205,10,0,0,48,-17.0705,9.80651,0,422,1,-15.5126,9.8892,108,70,70,1.6458e-11,1.3715e-11,-78.628,-47.8362,-10.7918,0
499,5,0,-17.3205,10,0,0,56,-17.0705,9.77555,0,69,2,-19.0895,12.6299,118,14,14,8.16142e-12,6.80118e-12,-81.6742,-50.8823,-10.7918,0
499,5,0,-17.3205,10,0,0,46,-17.0705,9.81425,0,435,1,-17.722,14.6351,110,77,77,3.52588e-12,2.93823e-12,-85.3191,-54.5273,-10.7918,0
499,5,0,-17.3205,10,0,0,49,-17.0705,10.1935,0,378,0,-15.5607,14.5021,148,89,89,3.19693e-12,2.66411e-12,-85.7445,-54.9527,-10.7918,0
499,5,0,-17.3205,10,0,0,44,-17.0705,9.82199,0,336,1,-12.9551,7.713,160,86,86,3.04022e-12,2.53352e-12,-85.9628,-55.1709,-10.7918,0
499,5,0,-17.3205,10,0,0,31,-17.0705,10.1238,0,245,2,-12.3854,8.66387,118,109,109,2.75957e-12,2.29964e-12,-86.3834,-55.5916,-10.7918,0
499,5,0,-17.3205,10,0,0,55,-17.0705,10.2167,0,360,2,-22.598,8.95071,160,68,68,2.40667e-12,2.00556e-12,-86.9777,-56.1858,-10.7918,0
499,5,0,-17.3205,10,0,0,58,-17.0705,9.76781,0,386,0,-22.1487,13.093,141,50,50,2.02405e-12,1.68671e-12,-87.7296,-56.9378,-10.7918,0
499,5,0,-17.3205,10,0,0,30,-17.0705,9.87617,0,401,2,-22.7999,7.89338,160,36,36,1.89743e-12,1.58119e-12,-88.0102,-57.2183,-10.7918,0
499,5,0,-17.3205,10,0,0,81,-17.0705,10.3173,0,242,2,-12.1927,6.96742,160,121,121,1.82204e-12,1.51836e-12,-88.1862,-57.3944,-10.7918,0
499,5,0,-17.3205,10,0,0,34,-17.0705,9.86069,0,61,0,-3.58825,5.0027,137,21,21,2.36429e-13,1.97024e-13,-97.0548,-66.263,-10.7918,0
499,5,0,-17.3205,10,0,0,57,-17.0705,10.2245,0,117,2,-21.5651,14.4742,160,50,50,1.65604e-12,1.38003e-12,-88.6011,-57.8093,-10.7918,0
499,5,0,-17.3205,10,0,0,35,-17.0705,10.1393,0,396,0,-23.702,9.9618,135,117,111,1.50682e-12,1.25568e-12,-89.0112,-58.2194,-10.7918,5.12821
499,5,0,-17.3205,10,0,0,76,-17.0705,9.69815,0,395,0,-23.9854,7.35154,128,122,122,1.09394e-12,9.11614e-13,-90.4019,-59.6101,-10.7918,0
499,5,0,-17.3205,10,0,0,75,-17.0705,10.2941,0,362,1,-24.0583,7.06533,147,4,0,1.02404e-12,8.5337e-13,-90.6886,-59.8968,-10.7918,0
499,5,0,-17.3205,10,0,0,54,-17.0705,9.78329,0,397,0,-24.5968,8.62532,126,72,61,1.00341e-12,8.36176e-13,-90.777,-59.9852,-10.7918,15.2778
499,5,0,-17.3205,10,0,0,97,-17.0705,10.3793,0,130,1,-12.4637,4.4042,127,120,120,1.00176e-12,8.34802e-13,-90.7842,-59.9924,-10.7918,0
499,5,0,-17.3205,10,0,0,67,-17.0705,10.2632,0,155,2,-6.11526,4.25773,107,84,84,3.0002e-13,2.50017e-13,-96.0203,-65.2285,-10.7918,0
499,5,0,-17.3205,10,0,0,52,-17.0705,9.79103,0,97,0,-7.40717,1.61288,124,44,44,2.845e-13,2.37083e-13,-96.251,-65.4592,-10.7918,0
499,5,0,-17.3205,10,0,0,83,-17.0705,10.3251,0,402,2,-7.61725,0.34355,160,142,142,2.60976e-13,2.1748e-13,-96.6258,-65.834,-10.7918,0
499,5,0,-17.3205,10,0,0,33,-17.0705,10.1316,0,115,0,-7.86954,0.111202,122,16,16,2.61297e-13,2.17747e-13,-96.6205,-65.8287,-10.7918,0
499,5,0,-17.3205,10,0,0,96,-17.0705,9.62075,0,389,0,-18.1281,17.9271,121,106,106,8.26369e-13,6.88641e-13,-91.6201,-60.8283,-10.7918,0
499,5,0,-17.3205,10,0,0,42,-17.0705,9.82973,0,109,2,-19.381,17.7947,148,61,61,8.0147e-13,6.67891e-13,-91.7529,-60.9611,-10.7918,0
499,5,0,-17.3205,10,0,0,95,-17.0705,10.3715,0,261,2,-25.4034,10.7024,160,40,40,7.88499e-13,6.57083e-13,-91.8238,-61.032,-10.7918,0
499,5,0,-17.3205,10,0,0,86,-17.0705,9.65945,0,391,2,-20.534,17.648,144,127,127,7.44742e-13,6.20619e-13,-92.0718,-61.2799,-10.7918,0
499,5,0,-17.3205,10,0,0,72,-17.0705,9.71363,0,100,0,-6.5707,5.1391,118,50,50,3.37826e-13,2.81522e-13,-95.5049,-64.7131,-10.7918,0
499,5,0,-17.3205,10,0,0,51,-17.0705,10.2012,0,290,2,-9.87419,14.3339,109,82,82,6.76818e-13,5.64015e-13,-92.4871,-61.6953,-10.7918,0
499,5,0,-17.3205,10,0,0,41,-17.0705,10.1625,0,383,1,-18.777,1.44913,160,111,111,6.65531e-13,5.54609e-13,-92.5601,-61.7683,-10.7918,0
499,5,0,-17.3205,10,0,0,32,-17.0705,9.86843,0,90,1,-18.7939,1.45107,160,121,121,6.65352e-13,5.5446e-13,-92.5613,-61.7695,-10.7918,0
499,5,0,-17.3205,10,0,0,79,-17.0705,10.3096,0,57,2,-25.9794,11.959,127,39,39,6.28453e-13,5.23711e-13,-92.8091,-62.0173,-10.7918,0
499,5,0,-17.3205,10,0,0,47,-17.0705,10.1858,0,366,0,-8.29711,9.49612,113,25,25,6.01752e-13,5.0146e-13,-92.9976,-62.2058,-10.7918,0
499,5,0,-17.3205,10,0,0,87,-17.0705,10.3406,0,87,0,-4.76298,7.74719,113,34,34,2.93213e-13,2.44344e-13,-96.12,-65.3282,-10.7918,0
499,5,0,-17.3205,10,0,0,64,-17.0705,9.74459,0,428,1,-12.5882,17.868,160,39,39,5.79276e-13,4.8273e-13,-93.163,-62.3711,-10.7918,0
499,5,0,-17.3205,10,0,0,99,-17.0705,10.387,0,381,2,-17.7477,19.2414,135,11,6,5.68913e-13,4.74094e-13,-93.2414,-62.4495,-10.7918,45.4545
499,5,0,-17.3205,10,0,0,71,-17.0705,10.2786,0,166,2,-19.4298,0.267015,136,84,84,4.79767e-13,3.99806e-13,-93.9815,-63.1897,-10.7918,0
499,5,0,-17.3205,10,1,120,99,-17.7807,10.023,0,375,0,-19.1874,11.9081,160,12,12,1.07723e-11,8.97694e-12,-80.4687,-49.6769,-10.7918,0
499,5,0,-17.3205,10,1,120,98,-17.1104,10.41,0,376,0,-19.9178,10.5183,160,0,0,1.08945e-11,9.07878e-12,-80.4197,-49.6279,-10.7918,0
499,5,0,-17.3205,10,1,120,97,-17.774,10.0269,0,377,0,-18.6439,12.9734,159,80,80,7.77597e-12,6.47997e-12,-81.8843,-51.0925,-10.7918,0
499,5,0,-17.3205,10,1,120,94,-17.1238,10.4023,0,380,0,-21.622,10.8615,153,112,112,4.08131e-12,3.40109e-12,-84.6838,-53.892,-10.7918,0
499,5,0,-17.3205,10,1,120,92,-17.1305,10.3984,0,382,1,-15.3191,11.8126,158,97,97,1.05944e-11,8.82869e-12,-80.541,-49.7492,-10.7918,0
499,5,0,-17.3205,10,1,120,90,-17.1372,10.3945,0,384,0,-16.9731,11.1486,160,40,40,2.07417e-11,1.72848e-11,-77.6234,-46.8316,-10.7918,0
499,5,0,-17.3205,10,1,120,89,-17.7471,10.0424,0,385,0,-16.5914,13.0863,159,17,17,8.15328e-12,6.7944e-12,-81.6785,-50.8867,-10.7918,0
499,5,0,-17.3205,10,1,120,87,-17.7404,10.0462,0,387,0,-18.513,10.1336,160,2,2,2.07417e-11,1.72848e-11,-77.6234,-46.8315,-10.7918,0
499,5,0,-17.3205,10,1,120,86,-17.1506,10.3868,0,388,0,-17.3955,12.4648,160,94,94,1.20012e-11,1.0001e-11,-79.9996,-49.2078,-10.7918,0
499,5,0,-17.3205,10,2,240,95,-17.1238,9.59774,0,394,1,-19.5671,7.05682,160,122,122,6.01643e-12,5.01369e-12,-82.9984,-52.2066,-10.7918,0
499,5,0,-17.3205,10,2,240,90,-17.7538,9.96152,0,399,0,-17.9552,7.20684,160,60,60,9.68357e-12,8.06964e-12,-80.9315,-50.1396,-10.7918,0
499,6,0,-8.74228e-07,20,0,0,95,0.249999,20.3715,0,409,0,2.71667,20.1877,160,4,4,1.04634e-11,8.71947e-12,-80.5951,-49.8033,-10.7918,0
499,6,0,-8.74228e-07,20,0,0,93,0.249999,20.3638,0,411,0,2.56072,20.6563,160,156,152,1.09238e-11,9.10319e-12,-80.4081,-49.6163,-10.7918,2.5641
499,6,0,-8.74228e-07,20,0,0,92,0.249999,19.6362,0,412,1,1.15499,19.6744,157,135,135,2.07417e-11,1.72848e-11,-77.6234,-46.8316,-10.7918,0
499,6,0,-8.74228e-07,20,0,0,86,0.249999,19.6594,0,418,0,0.789452,19.0963,160,108,108,2.07417e-11,1.72848e-11,-77.6234,-46.8316,-10.7918,0
499,6,0,-8.74228e-07,20,0,0,90,0.249999,19.644,0,424,1,4.02725,20.6285,135,42,42,4.86119e-12,4.05099e-12,-83.9244,-53.1326,-10.7918,0
499,6,0,-8.74228e-07,20,0,0,55,0.249999,20.2167,0,430,1,0.378984,21.4806,122,13,13,1.84857e-11,1.54048e-11,-78.1235,-47.3316,-10.7918,0
499,6,0,-8.74228e-07,20,0,0,54,0.249999,19.7833,0,432,1,-2.47848,19.299,120,46,46,1.13271e-11,9.43923e-12,-80.2506,-49.4588,-10.7918,0
499,6,0,-8.74228e-07,20,0,0,66,0.249999,19.7368,0,419,1,1.11933,20.4325,115,35,35,2.07417e-11,1.72848e-11,-77.6234,-46.8316,-10.7918,0
499,6,0,-8.74228e-07,20,0,0,64,0.249999,19.7446,0,91,1,0.916099,20.7751,108,64,64,2.07417e-11,1.72848e-11,-77.6234,-46.8316,-10.7918,0
499,6,0,-8.74228e-07,20,0,0,77,0.249999,20.3019,0,75,1,-0.667911,22.2747,114,75,75,1.26071e-11,1.05059e-11,-79.7856,-48.9938,-10.7918,0
499,6,0,-8.74228e-07,20,0,0,44,0.249999,19.822,0,371,1,-3.70909,20.1231,139,19,19,5.98722e-12,4.98935e-12,-83.0196,-52.2277,-10.7918,0
499,6,0,-8.74228e-07,20,0,0,24,0.249999,19.8994,0,19,1,2.64918,22.0732,123,61,61,7.30569e-12,6.08808e-12,-82.1552,-51.3634,-10.7918,0
499,6,0,-8.74228e-07,20,0,0,39,0.249999,20.1548,0,147,2,-0.759795,19.0638,160,103,103,2.07044e-11,1.72537e-11,-77.6312,-46.8394,-10.7918,0
499,6,0,-8.74228e-07,20,0,0,42,0.249999,19.8297,0,13,1,-0.00203029,21.6165,151,25,25,1.78564e-11,1.48803e-11,-78.2739,-47.4821,-10.7918,0
499,6,0,-8.74228e-07,20,0,0,45,0.249999,20.178,0,205,2,-1.31987,22.3334,134,106,100,1.07061e-11,8.92175e-12,-80.4955,-49.7037,-10.7918,5.66038
499,6,0,-8.74228e-07,20,0,0,36,0.249999,19.8529,0,15,2,-0.789063,22.6508,160,158,158,1.02229e-11,8.5191e-12,-80.6961,-49.9043,-10.7918,0
499,6,0,-8.74228e-07,20,0,0,30,0.249999,19.8762,0,358,2,-1.35326,17.5599,128,26,26,1.00869e-11,8.40572e-12,-80.7542,-49.9624,-10.7918,0
499,6,0,-8.74228e-07,20,0,0,81,0.249999,20.3173,0,259,2,-4.06064,19.6234,142,29,29,4.85552e-12,4.04627e-12,-83.9295,-53.1376,-10.7918,0
499,6,0,-8.74228e-07,20,0,0,32,0.249999,19.8684,0,246,2,-2.15848,21.2987,160,136,136,1.16717e-11,9.72639e-12,-80.1205,-49.3287,-10.7918,0
499,6,0,-8.74228e-07,20,0,0,47,0.249999,20.1858,0,298,2,-0.308414,21.8465,145,108,108,1.60231e-11,1.33526e-11,-78.7443,-47.9525,-10.7918,0
499,6,0,-8.74228e-07,20,0,0,97,0.249999,20.3793,0,407,0,2.60721,16.2165,152,12,12,3.63869e-12,3.03225e-12,-85.1824,-54.3905,-10.7918,0
499,6,0,-8.74228e-07,20,0,0,80,0.249999,19.6827,0,208,2,3.04629,23.5176,160,65,53,3.52428e-12,2.9369e-12,-85.3211,-54.5293,-10.7918,18.4615
499,6,0,-8.74228e-07,20,0,0,27,0.249999,20.1084,0,108,1,3.35815,23.4298,148,48,48,3.25521e-12,2.71267e-12,-85.666,-54.8742,-10.7918,0
499,6,0,-8.74228e-07,20,0,0,40,0.249999,19.8375,0,425,1,0.740891,15.1124,153,47,40,3.01568e-12,2.51306e-12,-85.998,-55.2062,-10.7918,14.8936
499,6,0,-8.74228e-07,20,0,0,18,0.249999,19.9226,0,122,2,0.497715,24.928,110,31,31,3.00044e-12,2.50037e-12,-86.02,-55.2281,-10.7918,0
499,6,0,-8.74228e-07,20,0,0,20,0.249999,19.9149,0,363,1,5.00243,19.6876,147,91,91,2.90843e-12,2.42369e-12,-86.1552,-55.3634,-10.7918,0
499,6,0,-8.74228e-07,20,0,0,83,0.249999,20.3251,0,113,1,-0.144701,5.2555,114,19,9,2.33394e-13,1.94495e-13,-97.1109,-66.3191,-10.7918,52.6316
499,6,0,-8.74228e-07,20,0,0,28,0.249999,19.8839,0,56,1,2.35736,4.718,118,80,80,2.1856e-13,1.82133e-13,-97.3961,-66.6043,-10.7918,0
499,6,0,-8.74228e-07,20,0,0,52,0.249999,19.791,0,416,1,4.77191,22.6026,124,64,55,2.34169e-12,1.95141e-12,-87.0965,-56.3047,-10.7918,14.0625
499,6,0,-8.74228e-07,20,0,0,50,0.249999,19.7988,0,406,0,4.20277,23.6373,142,28,21,2.20391e-12,1.83659e-12,-87.3599,-56.5681,-10.7918,25
499,6,0,-8.74228e-07,20,0,0,56,0.249999,19.7755,0,46,2,-0.375126,25.5766,160,126,126,2.17064e-12,1.80887e-12,-87.4259,-56.6341,-10.7918,0
499,6,0,-8.74228e-07,20,0,0,79,0.249999,20.3096,0,372,2,5.69997,19.4776,109,57,57,2.03385e-12,1.69488e-12,-87.7086,-56.9168,-10.7918,0
499,6,0,-8.74228e-07,20,0,0,22,0.249999,19.9071,0,23,1,-2.07987,5.38899,139,94,94,2.33098e-13,1.94248e-13,-97.1164,-66.3246,-10.7918,0
499,6,0,-8.74228e-07,20,0,0,59,0.249999,20.2322,0,37,2,-3.79239,15.3686,160,140,135,1.79816e-12,1.49847e-12,-88.2435,-57.4517,-10.7918,3.57143
499,6,0,-8.74228e-07,20,0,0,49,0.249999,20.1935,0,420,1,-5.98368,18.4438,160,113,113,1.64459e-12,1.37049e-12,-88.6312,-57.8394,-10.7918,0
499,6,0,-8.74228e-07,20,0,0,62,0.249999,19.7523,0,444,0,2.82181,13.9366,132,71,71,1.32417e-12,1.10347e-12,-89.5724,-58.7806,-10.7918,0
499,6,0,-8.74228e-07,20,0,0,21,0.249999,20.0851,0,71,0,1.92549,6.45209,132,103,103,2.61138e-13,2.17615e-13,-96.6231,-65.8313,-10.7918,0
499,6,0,-8.74228e-07,20,0,0,70,0.249999,19.7214,0,142,1,-1.70693,6.53132,160,60,60,2.64434e-13,2.20362e-13,-96.5686,-65.7768,-10.7918,0
499,6,0,-8.74228e-07,20,0,0,61,0.249999,20.2399,0,437,0,2.61118,13.6756,131,81,81,1.24371e-12,1.03643e-12,-89.8446,-59.0528,-10.7918,0
499,6,0,-8.74228e-07,20,0,0,51,0.249999,20.2012,0,413,0,7.06255,21.661,127,84,84,1.06021e-12,8.83508e-13,-90.5379,-59.7461,-10.7918,0
499,6,0,-8.74228e-07,20,0,0,37,0.249999,20.1471,0,429,1,-2.95496,26.6629,160,123,123,1.04711e-12,8.72589e-13,-90.5919,-59.8001,-10.7918,0
499,6,0,-8.74228e-07,20,0,0,99,0.249999,20.387,0,107,2,3.39485,6.49221,143,5,5,2.54033e-13,2.11694e-13,-96.7429,-65.9511,-10.7918,0
499,6,0,-8.74228e-07,20,0,0,38,0.249999,19.8452,0,65,0,2.86275,6.74628,127,12,12,2.64966e-13,2.20805e-13,-96.5599,-65.7681,-10.7918,0
499,6,0,-8.74228e-07,20,0,0,60,0.249999,19.7601,0,116,2,0.353033,12.4162,158,84,75,9.38674e-13,7.82229e-13,-91.0667,-60.2749,-10.7918,10.7143
499,6,0,-8.74228e-07,20,0,0,17,0.249999,20.0697,0,410,1,-6.58785,16.1887,107,94,94,9.32496e-13,7.7708e-13,-91.0953,-60.3035,-10.7918,0
499,6,0,-8.74228e-07,20,0,0,76,0.249999,19.6981,0,7,1,1.07465,27.5629,139,16,5,9.23452e-13,7.69543e-13,-91.1377,-60.3459,-10.7918,68.75
499,6,0,-8.74228e-07,20,0,0,89,0.249999,20.3483,0,53,2,6.33759,15.7156,140,66,66,9.19914e-13,7.66595e-13,-91.1543,-60.3625,-10.7918,0
499,6,0,-8.74228e-07,20,0,0,35,0.249999,20.1393,0,8,1,-7.65103,19.2509,160,122,122,9.07994e-13,7.56662e-13,-91.211,-60.4192,-10.7918,0
499,6,0,-8.74228e-07,20,0,0,29,0.249999,20.1161,0,405,0,7.60984,22.5493,121,34,34,8.11074e-13,6.75895e-13,-91.7012,-60.9094,-10.7918,0
499,6,0,-8.74228e-07,20,0,0,31,0.249999,20.1238,0,421,0,-6.32306,25.3917,118,78,78,7.41539e-13,6.17949e-13,-92.0905,-61.2987,-10.7918,0
499,6,0,-8.74228e-07,20,0,0,16,0.249999,19.9303,0,94,1,2.70375,12.0615,160,10,10,7.24432e-13,6.03693e-13,-92.1918,-61.4,-10.7918,0
499,6,0,-8.74228e-07,20,0,0,69,0.249999,20.2709,0,368,1,-8.20514,22.7847,160,153,153,6.67301e-13,5.56084e-13,-92.5486,-61.7568,-10.7918,0
499,6,0,-8.74228e-07,20,0,0,34,0.249999,19.8607,0,373,1,1.56527,11.4401,136,21,21,6.60266e-13,5.50222e-13,-92.5946,-61.8028,-10.7918,0
499,6,0,-8.74228e-07,20,0,0,98,0.249999,19.613,0,82,1,3.11643,8.16644,139,90,90,3.15683e-13,2.63069e-13,-95.7993,-65.0075,-10.7918,0
499,6,0,-8.74228e-07,20,0,0,15,0.249999,20.0619,0,417,0,4.66378,12.5257,115,60,60,6.40393e-13,5.3366e-13,-92.7273,-61.9355,-10.7918,0
499,6,0,-8.74228e-07,20,0,0,26,0.249999,19.8916,0,104,0,-4.09577,7.84565,114,111,110,2.90547e-13,2.42122e-13,-96.1597,-65.3678,-10.7918,0.900901
499,6,0,-8.74228e-07,20,0,0,68,0.249999,19.7291,0,390,2,3.16663,11.6445,116,31,31,6.18582e-13,5.15485e-13,-92.8778,-62.086,-10.7918,0
499,6,0,-8.74228e-07,20,0,0,58,0.249999,19.7678,0,448,2,4.29388,12.1016,121,23,14,6.09465e-13,5.07888e-13,-92.9423,-62.1505,-10.7918,39.1304
499,6,0,-8.74228e-07,20,0,0,53,0.249999,20.209,0,83,2,5.24006,27.3309,160,143,142,6.06015e-13,5.05012e-13,-92.967,-62.1752,-10.7918,0.699301
499,6,0,-8.74228e-07,20,0,0,57,0.249999,20.2245,0,78,1,8.74222,17.6013,130,50,50,5.97289e-13,4.97741e-13,-93.03,-62.2381,-10.7918,0
499,6,0,-8.74228e-07,20,0,0,19,0.249999,20.0774,0,447,0,-8.97551,18.377,112,28,28,5.88529e-13,4.90441e-13,-93.0941,-62.3023,-10.7918,0
499,6,0,-8.74228e-07,20,0,0,14,0.249999,19.9381,0,433,0,-2.66088,28.7375,112,99,99,5.86579e-13,4.88816e-13,-93.1086,-62.3167,-10.7918,0
499,6,0,-8.74228e-07,20,0,0,94,0.249999,19.6285,0,364,1,5.10158,27.7095,120,47,47,5.69889e-13,4.74908e-13,-93.2339,-62.4421,-10.7918,0
499,6,0,-8.74228e-07,20,0,0,41,0.249999,20.1625,0,0,1,-7.53261,14.6272,138,105,105,5.68739e-13,4.73949e-13,-93.2427,-62.4509,-10.7918,0
499,6,0,-8.74228e-07,20,0,0,67,0.249999,20.2632,0,72,1,9.1983,21.6804,160,102,102,5.54696e-13,4.62247e-13,-93.3513,-62.5594,-10.7918,0
499,6,0,-8.74228e-07,20,0,0,23,0.249999,20.0929,0,74,0,-1.28123,9.334,110,77,77,4.07138e-13,3.39281e-13,-94.6944,-63.9026,-10.7918,0
499,6,0,-8.74228e-07,20,0,0,96,0.249999,19.6207,0,297,2,1.01991,10.5,160,136,136,5.27367e-13,4.39472e-13,-93.5707,-62.7789,-10.7918,0
499,6,0,-8.74228e-07,20,0,0,82,0.249999,19.6749,0,118,0,-1.21795,9.65673,109,35,35,4.34821e-13,3.62351e-13,-94.4087,-63.6169,-10.7918,0
499,6,0,-8.74228e-07,20,0,0,88,0.249999,19.6517,0,99,0,4.81305,8.73481,107,15,15,3.15064e-13,2.62553e-13,-95.8078,-65.016,-10.7918,0
499,6,0,-8.74228e-07,20,1,120,96,0.203448,20.4061,0,423,0,-2.69648,20.0207,160,25,25,1.06154e-11,8.84619e-12,-80.5324,-49.7406,-10.7918,0
499,6,0,-8.74228e-07,20,1,120,88,0.176636,20.3907,0,431,0,-0.530941,21.8778,160,141,141,1.5459e-11,1.28825e-11,-78.9,-48.1082,-10.7918,0
499,6,0,-8.74228e-07,20,2,240,95,0.196745,19.5977,0,439,1,-2.64618,17.602,158,61,61,6.48812e-12,5.40677e-12,-82.6706,-51.8788,-10.7918,0
499,6,0,-8.74228e-07,20,2,240,91,0.183339,19.6055,0,443,2,1.82316,19.1366,160,121,121,1.49951e-11,1.24959e-11,-79.0323,-48.2405,-10.7918,0
499,6,0,-8.74228e-07,20,2,240,85,0.16323,19.6171,0,449,0,-1.13937,19.6234,160,42,42,2.07417e-11,1.72848e-11,-77.6234,-46.8316,-10.7918,0
67
-11,-77.6234,-46.8316,-10.7918,0
2,42,2.07417e-11,1.72848e-11,-77.6234,-46.8316,-10.7918,0
8316,-10.7918,0
234,-46.8316,-10.7918,0
048
10.7918,0
-46.8316,-10.7918,27.2727
8,160,104,104,1.27843e-11,1.06536e-11,-79.725,-48.9332,-10.7918,0
280,6,0,-8.74228e-07,20,2,240,85,0.16323,19.6171,0,449,0,-1.13937,19.6234,160,33,33,2.07417e-11,1.72848e-11,-77.6234,-46.8316,-10.7918,0
4,-46.8316,-10.7918,0
