Time,BS_ID,BS_LOC_X,BS_LOC_Y,ANT_ID,ANT_SEC,TRX_ID,TRX_X,TRX_Y,TRX_ANG,UE_ID,UE_LOC_X,UE_LOC_Y,MAX_DR,DEMAND_DR,REAL_DR,BS_Tran_SNR,UE_Rec_SNR
1,0,0,0,0,0,99,0.25,0.387,0,0,2.28091,1.82579,141,24,24,3.20E-14,9.61E-14
0,0,0,0,0,0,98,0.25,-0.387,0,1,1.94474,-2.01679,143,40,40,3.59E-14,1.08E-13
0,0,0,0,0,0,97,0.25,0.37926,0,2,0.794228,-0.899557,160,105,105,2.07E-13,6.21E-13
0,0,0,0,0,0,96,0.25,-0.37926,0,3,3.86128,-1.99509,116,61,61,1.10E-14,3.31E-14
0,0,0,0,0,0,95,0.25,0.37152,0,4,0.754938,0.932775,160,57,57,2.07E-13,6.21E-13
0,0,0,0,0,0,94,0.25,-0.37152,0,5,3.09978,-1.83768,129,110,110,1.80E-14,5.40E-14
0,0,0,0,0,0,93,0.25,0.36378,0,6,1.66493,0.113067,159,77,77,1.24E-13,3.71E-13
0,0,0,0,0,0,92,0.25,-0.36378,0,7,3.12279,1.65859,130,45,45,1.89E-14,5.68E-14
0,0,0,0,0,0,91,0.25,0.35604,0,8,1.19986,-0.018646,160,132,132,2.07E-13,6.21E-13
0,0,0,0,0,0,90,0.25,-0.35604,0,9,1.47651,1.20931,158,3,3,9.39E-14,2.82E-13
0,0,0,0,0,0,89,0.25,0.3483,0,10,4.35787,0.315425,116,70,70,1.09E-14,3.27E-14
0,0,0,0,0,0,88,0.25,-0.3483,0,11,3.40776,1.03936,129,77,77,1.86E-14,5.57E-14
0,0,0,0,0,0,87,0.25,0.34056,0,12,2.11912,3.02186,127,42,42,1.69E-14,5.06E-14
0,0,0,0,0,0,86,0.25,-0.34056,0,13,2.07655,1.42686,147,57,57,4.78E-14,1.43E-13
0,0,0,0,0,0,85,0.25,0.33282,0,14,3.25726,2.37753,122,64,64,1.33E-14,4.00E-14
0,0,0,0,0,0,84,0.25,-0.33282,0,315,1.18423,-0.193897,160,56,56,2.07E-13,6.21E-13
0,0,0,0,1,120,99,-0.460152,0.0230063,0,15,-2.03067,2.38021,137,46,46,2.65E-14,7.95E-14
0,0,0,0,1,120,98,0.210152,0.410006,0,16,-0.700053,2.83978,141,47,47,3.19E-14,9.58E-14
0,0,0,0,1,120,97,-0.453449,0.0268763,0,17,0.504215,1.08893,160,74,74,2.07E-13,6.21E-13
0,0,0,0,1,120,96,0.203449,0.406136,0,18,-2.51327,1.38936,142,83,83,3.36E-14,1.01E-13
0,0,0,0,1,120,95,-0.446746,0.0307463,0,19,0.571446,1.99606,156,37,37,7.76E-14,2.33E-13
0,0,0,0,1,120,94,0.196746,0.402266,0,20,1.75515,3.97318,116,46,46,1.11E-14,3.32E-14
0,0,0,0,1,120,93,-0.440043,0.0346163,0,21,-1.79713,0.288831,159,120,120,1.04E-13,3.12E-13
0,0,0,0,1,120,92,0.190043,0.398396,0,22,0.137591,1.26904,160,80,80,1.91E-13,5.73E-13
0,0,0,0,1,120,91,-0.43334,0.0384863,0,23,0.479599,1.09999,160,126,126,2.07E-13,6.21E-13
0,0,0,0,1,120,90,0.18334,0.394526,0,24,-1.79354,1.93801,146,129,129,4.22E-14,1.27E-13
0,0,0,0,1,120,89,-0.426637,0.0423563,0,25,-1.19563,2.0325,152,78,78,5.68E-14,1.70E-13
0,0,0,0,1,120,88,0.176637,0.390656,0,26,-2.90679,2.18919,128,100,100,1.75E-14,5.26E-14
0,0,0,0,1,120,87,-0.419934,0.0462263,0,27,-1.82275,4.13491,114,82,82,1.00E-14,3.01E-14
0,0,0,0,1,120,86,0.169934,0.386786,0,28,-2.29598,0.997922,148,105,105,4.86E-14,1.46E-13
0,0,0,0,1,120,85,-0.413231,0.0500963,0,29,-0.624872,1.02447,160,36,36,2.07E-13,6.21E-13
0,0,0,0,1,120,84,0.163231,0.382916,0,316,-4.28451,1.63385,113,70,70,9.68E-15,2.90E-14
0,0,0,0,1,120,83,-0.406528,0.0539663,0,317,-0.933773,0.753703,160,28,28,2.07E-13,6.21E-13
0,0,0,0,2,240,99,0.210152,-0.410006,0,30,-1.3889,-2.16296,147,59,59,4.53E-14,1.36E-13
0,0,0,0,2,240,98,-0.460152,-0.0230064,0,31,-3.87519,-1.90887,117,93,93,1.12E-14,3.36E-14
0,0,0,0,2,240,97,0.203449,-0.406136,0,32,-3.97337,-0.736962,121,75,75,1.33E-14,3.98E-14
0,0,0,0,2,240,96,-0.453449,-0.0268764,0,33,-0.610976,-2.336,150,65,65,5.34E-14,1.60E-13
0,0,0,0,2,240,95,0.196746,-0.402266,0,34,-3.08218,-3.31486,114,61,61,9.99E-15,3.00E-14
0,0,0,0,2,240,94,-0.446746,-0.0307464,0,35,-0.982499,-0.688982,160,79,79,2.07E-13,6.21E-13
0,0,0,0,2,240,93,0.190043,-0.398396,0,36,-0.493046,-2.26576,152,46,46,5.92E-14,1.78E-13
0,0,0,0,2,240,92,-0.440043,-0.0346164,0,37,-2.78457,-2.16127,130,112,112,1.91E-14,5.73E-14
0,0,0,0,2,240,91,0.18334,-0.394526,0,38,-1.47888,-0.620535,160,102,102,1.33E-13,3.99E-13
0,0,0,0,2,240,90,-0.43334,-0.0384864,0,39,-1.21298,-3.04997,135,31,31,2.32E-14,6.97E-14
0,0,0,0,2,240,89,0.176637,-0.390656,0,40,-1.30771,-3.0876,133,14,14,2.19E-14,6.57E-14
0,0,0,0,2,240,88,-0.426637,-0.0423564,0,41,-1.27438,-0.225567,160,69,69,1.88E-13,5.63E-13
0,0,0,0,2,240,87,0.169934,-0.386786,0,42,-0.962828,-0.716214,160,106,106,2.07E-13,6.21E-13
0,0,0,0,2,240,86,-0.419934,-0.0462264,0,43,-4.61061,-0.0717953,113,63,63,9.55E-15,2.87E-14
0,0,0,0,2,240,85,0.163231,-0.382916,0,44,-2.27874,-1.29276,146,28,28,4.31E-14,1.29E-13
0,1,-8.66025,5,0,0,99,-8.41025,5.387,0,45,-7.62249,5.60254,160,75,75,2.07E-13,6.21E-13
0,1,-8.66025,5,0,0,98,-8.41025,4.613,0,46,-5.24746,5.68409,131,0,0,1.98E-14,5.93E-14
0,1,-8.66025,5,0,0,97,-8.41025,5.37926,0,47,-5.29231,5.50147,132,105,105,2.10E-14,6.30E-14
0,1,-8.66025,5,0,0,96,-8.41025,4.62074,0,48,-4.23191,7.06077,109,90,90,8.35E-15,2.51E-14
0,1,-8.66025,5,0,0,95,-8.41025,5.37152,0,49,-7.56881,5.83503,160,38,38,1.72E-13,5.16E-13
0,1,-8.66025,5,0,0,94,-8.41025,4.62848,0,50,-5.22497,4.61043,131,100,100,2.01E-14,6.04E-14
0,1,-8.66025,5,0,0,93,-8.41025,5.36378,0,51,-7.70381,5.72472,160,21,21,2.07E-13,6.21E-13
0,1,-8.66025,5,0,0,92,-8.41025,4.63622,0,52,-6.42431,6.83319,141,116,116,3.30E-14,9.89E-14
0,1,-8.66025,5,0,0,91,-8.41025,5.35604,0,53,-7.48642,5.24923,160,135,135,2.07E-13,6.21E-13
0,1,-8.66025,5,0,0,90,-8.41025,4.64396,0,54,-7.51612,6.53084,158,87,87,9.36E-14,2.81E-13
0,1,-8.66025,5,0,0,89,-8.41025,5.3483,0,55,-4.92544,4.05722,124,47,47,1.50E-14,4.51E-14
0,1,-8.66025,5,0,0,88,-8.41025,4.6517,0,56,-7.43279,5.7488,160,94,94,1.60E-13,4.81E-13
0,1,-8.66025,5,0,0,87,-8.41025,5.34056,0,57,-7.75366,5.78619,160,121,121,2.07E-13,6.21E-13
0,1,-8.66025,5,0,0,86,-8.41025,4.65944,0,58,-6.26805,3.22781,139,73,73,3.04E-14,9.12E-14
0,1,-8.66025,5,0,0,85,-8.41025,5.33282,0,59,-7.47093,4.84025,160,17,17,2.07E-13,6.21E-13
0,1,-8.66025,5,0,0,84,-8.41025,4.66718,0,322,-5.60758,5.34054,138,11,11,2.79E-14,8.37E-14
0,1,-8.66025,5,0,0,83,-8.41025,5.32508,0,323,-7.2775,4.16053,159,123,123,1.31E-13,3.93E-13
0,1,-8.66025,5,1,120,99,-9.1204,5.02301,0,60,-9.28806,6.02268,160,67,67,2.07E-13,6.21E-13
0,1,-8.66025,5,1,120,98,-8.4501,5.41001,0,61,-7.91021,7.44499,147,20,20,4.59E-14,1.38E-13
0,1,-8.66025,5,1,120,97,-9.1137,5.02688,0,62,-11.0093,8.28508,121,78,78,1.33E-14,3.99E-14
0,1,-8.66025,5,1,120,96,-8.4568,5.40614,0,63,-9.75891,5.48266,160,102,102,2.07E-13,6.21E-13
0,1,-8.66025,5,1,120,95,-9.107,5.03075,0,64,-11.5725,7.68788,123,8,8,1.40E-14,4.19E-14
0,1,-8.66025,5,1,120,94,-8.46351,5.40227,0,65,-12.398,6.3005,123,58,58,1.40E-14,4.20E-14
0,1,-8.66025,5,1,120,93,-9.10029,5.03462,0,66,-8.5437,6.19433,160,80,80,2.07E-13,6.21E-13
0,1,-8.66025,5,1,120,92,-8.47021,5.3984,0,67,-8.87047,9.7022,112,92,92,9.10E-15,2.73E-14
0,1,-8.66025,5,1,120,91,-9.09359,5.03849,0,68,-10.8113,5.85907,152,136,136,5.94E-14,1.78E-13
0,1,-8.66025,5,1,120,90,-8.47691,5.39453,0,69,-9.98049,5.76426,160,5,5,1.45E-13,4.36E-13
0,1,-8.66025,5,1,120,89,-9.08689,5.04236,0,70,-8.19292,6.10526,160,31,31,2.07E-13,6.21E-13
0,1,-8.66025,5,1,120,88,-8.48361,5.39066,0,71,-9.79006,5.40438,160,146,146,2.07E-13,6.21E-13
0,1,-8.66025,5,1,120,87,-9.08018,5.04623,0,72,-8.55726,6.19558,160,3,3,2.07E-13,6.21E-13
0,1,-8.66025,5,1,120,86,-8.49032,5.38679,0,73,-13.2906,5.16666,113,78,78,9.45E-15,2.83E-14
0,1,-8.66025,5,1,120,85,-9.07348,5.0501,0,74,-11.46,6.52187,136,55,55,2.52E-14,7.56E-14
0,1,-8.66025,5,1,120,84,-8.49702,5.38292,0,318,-11.5528,6.95559,130,116,116,1.96E-14,5.88E-14
0,1,-8.66025,5,1,120,83,-9.06678,5.05397,0,319,-11.4362,5.27594,143,9,9,3.64E-14,1.09E-13
0,1,-8.66025,5,1,120,82,-8.50372,5.37905,0,321,-10.8393,5.11853,154,41,41,6.89E-14,2.07E-13
0,1,-8.66025,5,1,120,81,-9.06008,5.05784,0,324,-6.98162,9.10783,115,105,105,1.05E-14,3.14E-14
0,1,-8.66025,5,2,240,99,-8.4501,4.59,0,75,-9.28627,0.116433,109,7,7,8.20E-15,2.46E-14
0,1,-8.66025,5,2,240,98,-9.1204,4.977,0,76,-8.50124,0.536439,115,22,22,1.03E-14,3.10E-14
0,1,-8.66025,5,2,240,97,-8.4568,4.59387,0,77,-8.41378,3.67404,160,19,19,1.77E-13,5.31E-13
0,1,-8.66025,5,2,240,96,-9.1137,4.97313,0,78,-9.85285,0.737125,115,16,16,1.05E-14,3.16E-14
0,1,-8.66025,5,2,240,95,-8.46351,4.59774,0,79,-10.1413,3.7884,158,36,36,9.34E-14,2.80E-13
0,1,-8.66025,5,2,240,94,-9.107,4.96926,0,80,-11.2839,3.03681,135,14,14,2.33E-14,7.00E-14
0,1,-8.66025,5,2,240,93,-8.47021,4.60161,0,81,-9.76795,4.53849,160,86,86,2.07E-13,6.21E-13
0,1,-8.66025,5,2,240,92,-9.10029,4.96539,0,82,-9.03924,3.86142,160,20,20,2.07E-13,6.21E-13
0,1,-8.66025,5,2,240,91,-8.47691,4.60548,0,83,-8.45646,3.81744,160,6,6,2.07E-13,6.21E-13
0,1,-8.66025,5,2,240,90,-9.09359,4.96152,0,84,-10.3642,3.20219,148,105,105,5.00E-14,1.50E-13
0,1,-8.66025,5,2,240,89,-8.48361,4.60935,0,85,-12.4267,2.24181,112,75,75,9.28E-15,2.78E-14
0,1,-8.66025,5,2,240,88,-9.08689,4.95765,0,86,-9.32081,3.99817,160,11,11,2.07E-13,6.21E-13
0,1,-8.66025,5,2,240,87,-8.49032,4.61322,0,87,-10.1329,4.41357,160,109,109,1.36E-13,4.08E-13
0,1,-8.66025,5,2,240,86,-9.08018,4.95378,0,88,-9.10608,3.86223,160,131,131,2.02E-13,6.07E-13
0,1,-8.66025,5,2,240,85,-8.49702,4.61709,0,89,-7.76099,3.1216,156,136,136,7.70E-14,2.31E-13
0,1,-8.66025,5,2,240,84,-9.07348,4.94991,0,320,-8.18854,3.89661,160,34,34,2.07E-13,6.21E-13
0,2,-4.37E-07,10,0,0,98,0.25,9.613,0,91,2.25333,9.94611,153,110,110,6.36E-14,1.91E-13
0,2,-4.37E-07,10,0,0,96,0.25,9.62074,0,93,1.19463,9.88657,160,101,101,2.07E-13,6.21E-13
0,2,-4.37E-07,10,0,0,95,0.25,10.3715,0,94,4.23879,12.2389,110,64,64,8.72E-15,2.62E-14
0,2,-4.37E-07,10,0,0,94,0.25,9.62848,0,95,2.23313,9.38051,152,75,75,5.93E-14,1.78E-13
0,2,-4.37E-07,10,0,0,93,0.25,10.3638,0,96,0.936079,8.63335,159,148,148,1.25E-13,3.76E-13
0,2,-4.37E-07,10,0,0,92,0.25,9.63622,0,97,4.93827,10.1827,108,9,9,8.14E-15,2.44E-14
0,2,-4.37E-07,10,0,0,91,0.25,10.356,0,98,3.71863,7.19588,112,107,107,9.33E-15,2.80E-14
0,2,-4.37E-07,10,0,0,90,0.25,9.64396,0,99,1.02092,10.6307,160,60,60,2.07E-13,6.21E-13
0,2,-4.37E-07,10,0,0,89,0.25,10.3483,0,100,1.14168,9.63046,160,144,144,2.07E-13,6.21E-13
0,2,-4.37E-07,10,0,0,88,0.25,9.6517,0,101,3.37793,11.9214,124,112,112,1.47E-14,4.41E-14
0,2,-4.37E-07,10,0,0,87,0.25,10.3406,0,102,4.1724,11.9498,113,39,39,9.58E-15,2.87E-14
0,2,-4.37E-07,10,0,0,86,0.25,9.65944,0,103,3.42003,10.6119,131,41,41,1.99E-14,5.96E-14
0,2,-4.37E-07,10,0,0,85,0.25,10.3328,0,104,2.18801,7.30025,131,28,28,1.99E-14,5.96E-14
0,2,-4.37E-07,10,1,120,99,-0.460152,10.023,0,105,-2.66264,12.8474,123,55,55,1.46E-14,4.37E-14
0,2,-4.37E-07,10,1,120,98,0.210151,10.41,0,106,0.280142,13.7375,126,78,78,1.62E-14,4.86E-14
0,2,-4.37E-07,10,1,120,97,-0.453449,10.0269,0,107,0.291702,11.164,160,96,96,2.07E-13,6.21E-13
0,2,-4.37E-07,10,1,120,96,0.203448,10.4061,0,108,1.01451,14.7227,110,24,24,8.57E-15,2.57E-14
0,2,-4.37E-07,10,1,120,95,-0.446746,10.0307,0,109,-0.0366772,11.1994,160,54,54,2.07E-13,6.21E-13
0,2,-4.37E-07,10,1,120,94,0.196745,10.4023,0,110,0.896181,12.3561,147,122,122,4.77E-14,1.43E-13
0,2,-4.37E-07,10,1,120,93,-0.440043,10.0346,0,111,-1.81618,12.5247,137,65,65,2.70E-14,8.09E-14
0,2,-4.37E-07,10,1,120,91,-0.43334,10.0385,0,113,-0.0368813,11.1994,160,154,154,2.07E-13,6.21E-13
0,2,-4.37E-07,10,1,120,90,0.183339,10.3945,0,114,-3.89386,10.6305,123,73,73,1.41E-14,4.24E-14
0,2,-4.37E-07,10,1,120,89,-0.426637,10.0424,0,115,-2.48892,10.6012,147,59,59,4.58E-14,1.37E-13
0,2,-4.37E-07,10,1,120,88,0.176636,10.3907,0,116,0.0480388,11.199,160,63,63,2.07E-13,6.21E-13
0,2,-4.37E-07,10,1,120,87,-0.419934,10.0462,0,117,0.944034,14.7346,110,20,20,8.58E-15,2.57E-14
0,2,-4.37E-07,10,1,120,86,0.169933,10.3868,0,118,1.52791,13.9508,118,63,63,1.18E-14,3.53E-14
0,2,-4.37E-07,10,1,120,85,-0.413231,10.0501,0,119,-3.63137,10.2588,128,95,95,1.75E-14,5.25E-14
0,2,-4.37E-07,10,2,240,99,0.210151,9.58999,0,120,-2.28767,8.20222,141,135,135,3.24E-14,9.72E-14
0,2,-4.37E-07,10,2,240,97,0.203448,9.59386,0,122,-0.456476,8.89021,160,48,48,2.07E-13,6.21E-13
0,2,-4.37E-07,10,2,240,96,-0.453449,9.97312,0,123,1.69567,5.42648,109,41,41,8.38E-15,2.51E-14
0,2,-4.37E-07,10,2,240,95,0.196745,9.59773,0,124,-0.735739,9.05201,160,79,79,2.07E-13,6.21E-13
0,2,-4.37E-07,10,2,240,94,-0.446746,9.96925,0,125,-1.78576,6.39099,122,70,70,1.34E-14,4.02E-14
0,2,-4.37E-07,10,2,240,93,0.190042,9.6016,0,126,-0.480955,8.9006,160,98,98,2.07E-13,6.21E-13
0,2,-4.37E-07,10,2,240,92,-0.440043,9.96538,0,127,-0.283818,8.66218,160,91,91,1.73E-13,5.20E-13
0,2,-4.37E-07,10,2,240,91,0.183339,9.60547,0,128,0.270747,8.66075,160,70,70,1.73E-13,5.20E-13
0,2,-4.37E-07,10,2,240,90,-0.43334,9.96151,0,129,-1.47862,7.47536,140,64,64,3.19E-14,9.57E-14
0,2,-4.37E-07,10,2,240,89,0.176636,9.60934,0,130,-2.91242,9.7491,141,134,134,3.20E-14,9.60E-14
0,2,-4.37E-07,10,2,240,88,-0.426637,9.95764,0,131,-3.37625,6.54108,110,76,76,8.56E-15,2.57E-14
0,2,-4.37E-07,10,2,240,87,0.169933,9.61321,0,132,-0.135222,8.80764,160,152,152,2.07E-13,6.21E-13
0,2,-4.37E-07,10,2,240,86,-0.419934,9.95377,0,133,-1.06992,9.45661,160,151,151,2.07E-13,6.21E-13
0,2,-4.37E-07,10,2,240,85,0.16323,9.61708,0,134,0.452705,7.9896,156,44,44,7.90E-14,2.37E-13
0,3,8.66025,5,0,0,99,8.91025,5.387,0,135,13.4529,4.52554,110,68,68,8.63E-15,2.59E-14
0,3,8.66025,5,0,0,98,8.91025,4.613,0,136,13.2847,5.64402,112,24,24,9.27E-15,2.78E-14
0,3,8.66025,5,0,0,95,8.91025,5.37152,0,139,10.4657,7.52068,138,22,22,2.72E-14,8.16E-14
0,3,8.66025,5,0,0,94,8.91025,4.62848,0,140,12.1191,7.52679,118,115,115,1.14E-14,3.43E-14
0,3,8.66025,5,0,0,93,8.91025,5.36378,0,141,9.36658,4.0299,160,79,79,2.07E-13,6.21E-13
0,3,8.66025,5,0,0,92,8.91025,4.63622,0,142,9.79608,5.38716,160,125,125,2.07E-13,6.21E-13
0,3,8.66025,5,0,0,91,8.91025,5.35604,0,143,10.7554,4.79975,156,147,147,7.51E-14,2.25E-13
0,3,8.66025,5,0,0,90,8.91025,4.64396,0,144,12.6315,5.24474,122,22,22,1.38E-14,4.15E-14
0,3,8.66025,5,0,0,89,8.91025,5.3483,0,145,9.79647,4.61398,160,113,113,2.07E-13,6.21E-13
0,3,8.66025,5,0,0,88,8.91025,4.6517,0,146,9.39731,4.05303,160,68,68,2.07E-13,6.21E-13
0,3,8.66025,5,0,0,87,8.91025,5.34056,0,147,11.119,6.39679,142,99,99,3.50E-14,1.05E-13
0,3,8.66025,5,0,0,86,8.91025,4.65944,0,148,9.86025,5.00072,160,100,100,2.07E-13,6.21E-13
0,3,8.66025,5,0,0,85,8.91025,5.33282,0,149,10.463,7.10746,143,73,73,3.69E-14,1.11E-13
0,3,8.66025,5,1,120,99,8.2001,5.02301,0,150,8.25248,6.12859,160,72,72,2.07E-13,6.21E-13
0,3,8.66025,5,1,120,98,8.87041,5.41001,0,151,6.34662,5.90226,148,43,43,4.97E-14,1.49E-13
0,3,8.66025,5,1,120,97,8.20681,5.02688,0,152,4.77427,6.17219,121,33,33,1.31E-14,3.94E-14
0,3,8.66025,5,1,120,96,8.8637,5.40614,0,153,7.79254,5.82889,160,20,20,2.07E-13,6.21E-13
0,3,8.66025,5,1,120,95,8.21351,5.03075,0,154,6.36494,8.42508,120,100,100,1.26E-14,3.78E-14
0,3,8.66025,5,1,120,94,8.857,5.40227,0,155,10.6076,9.31241,111,84,84,8.99E-15,2.70E-14
0,3,8.66025,5,1,120,93,8.22021,5.03462,0,156,10.6924,9.15877,113,29,29,9.47E-15,2.84E-14
0,3,8.66025,5,1,120,92,8.8503,5.3984,0,157,8.94071,6.16677,160,12,12,2.07E-13,6.21E-13
0,3,8.66025,5,1,120,91,8.22691,5.03849,0,158,8.64604,6.19992,160,151,151,2.07E-13,6.21E-13
0,3,8.66025,5,1,120,90,8.84359,5.39453,0,159,8.00591,6.0059,160,130,130,2.07E-13,6.21E-13
0,3,8.66025,5,1,120,89,8.23362,5.04236,0,160,9.24564,6.3806,160,26,26,1.50E-13,4.49E-13
0,3,8.66025,5,1,120,88,8.83689,5.39066,0,161,8.88543,7.93329,140,30,30,3.14E-14,9.43E-14
0,3,8.66025,5,1,120,87,8.24032,5.04623,0,162,5.79856,6.04359,138,36,36,2.86E-14,8.57E-14
0,3,8.66025,5,1,120,86,8.83019,5.38679,0,163,8.98805,9.02503,121,89,89,1.33E-14,3.99E-14
0,3,8.66025,5,1,120,85,8.24702,5.0501,0,164,8.28778,6.14073,160,147,147,2.07E-13,6.21E-13
0,3,8.66025,5,2,240,99,8.87041,4.58999,0,165,8.12504,3.92597,160,127,127,2.07E-13,6.21E-13
0,3,8.66025,5,2,240,98,8.2001,4.97699,0,166,8.53486,3.80657,160,100,100,2.07E-13,6.21E-13
0,3,8.66025,5,2,240,97,8.8637,4.59386,0,167,9.24752,3.95352,160,78,78,2.07E-13,6.21E-13
0,3,8.66025,5,2,240,96,8.20681,4.97312,0,168,7.97422,2.65032,148,121,121,5.16E-14,1.55E-13
0,3,8.66025,5,2,240,95,8.857,4.59773,0,169,10.6239,1.37803,120,47,47,1.26E-14,3.79E-14
0,3,8.66025,5,2,240,94,8.21351,4.96925,0,170,6.6214,2.89118,140,97,97,3.17E-14,9.50E-14
0,3,8.66025,5,2,240,92,8.22021,4.96538,0,172,9.34656,0.428411,113,107,107,9.50E-15,2.85E-14
0,3,8.66025,5,2,240,91,8.84359,4.60547,0,173,6.23751,4.41563,148,119,119,4.92E-14,1.48E-13
0,3,8.66025,5,2,240,90,8.22691,4.96151,0,174,7.15223,4.71173,160,112,112,1.44E-13,4.32E-13
0,3,8.66025,5,2,240,89,8.83689,4.60934,0,175,8.76523,1.53595,131,95,95,2.00E-14,6.00E-14
0,3,8.66025,5,2,240,87,8.83019,4.61321,0,177,7.53292,4.58877,160,118,118,2.07E-13,6.21E-13
0,3,8.66025,5,2,240,86,8.24032,4.95377,0,178,9.74325,2.23917,140,109,109,3.07E-14,9.22E-14
0,3,8.66025,5,2,240,85,8.82349,4.61708,0,179,7.483,4.76748,160,24,24,2.07E-13,6.21E-13
0,4,8.66025,-5,0,0,99,8.91025,-4.613,0,180,9.61057,-4.26727,160,140,140,2.07E-13,6.21E-13
0,4,8.66025,-5,0,0,98,8.91025,-5.387,0,181,9.7061,-4.41162,160,71,71,2.07E-13,6.21E-13
0,4,8.66025,-5,0,0,97,8.91025,-4.62074,0,182,10.483,-2.9197,143,39,39,3.72E-14,1.12E-13
0,4,8.66025,-5,0,0,96,8.91025,-5.37926,0,183,9.93565,-5.66571,160,72,72,1.60E-13,4.81E-13
0,4,8.66025,-5,0,0,95,8.91025,-4.62848,0,184,12.8464,-3.90934,117,20,20,1.12E-14,3.35E-14
0,4,8.66025,-5,0,0,94,8.91025,-5.37152,0,185,9.59266,-5.75539,160,25,25,2.07E-13,6.21E-13
0,4,8.66025,-5,0,0,93,8.91025,-4.63622,0,186,11.7801,-8.06466,116,1,1,1.09E-14,3.26E-14
0,4,8.66025,-5,0,0,92,8.91025,-5.36378,0,187,9.69024,-5.61573,160,65,65,2.07E-13,6.21E-13
0,4,8.66025,-5,0,0,91,8.91025,-4.64396,0,188,12.7432,-2.65313,112,25,25,9.09E-15,2.73E-14
0,4,8.66025,-5,0,0,90,8.91025,-5.35604,0,189,9.56119,-5.79267,160,69,69,2.07E-13,6.21E-13
0,4,8.66025,-5,0,0,89,8.91025,-4.6517,0,190,10.5179,-8.06818,129,94,94,1.82E-14,5.47E-14
0,4,8.66025,-5,0,0,88,8.91025,-5.3483,0,191,9.79459,-4.60848,160,43,43,2.07E-13,6.21E-13
0,4,8.66025,-5,0,0,87,8.91025,-4.65944,0,192,9.81667,-4.67953,160,31,31,2.07E-13,6.21E-13
0,4,8.66025,-5,0,0,86,8.91025,-5.34056,0,193,12.3236,-2.79827,118,99,99,1.15E-14,3.45E-14
0,4,8.66025,-5,0,0,85,8.91025,-4.66718,0,194,13.0449,-2.67878,108,75,75,8.06E-15,2.42E-14
0,4,8.66025,-5,1,120,99,8.2001,-4.97699,0,195,6.65929,-1.44641,120,78,78,1.30E-14,3.89E-14
0,4,8.66025,-5,1,120,98,8.87041,-4.58999,0,196,8.2252,-3.88164,160,159,159,2.07E-13,6.21E-13
0,4,8.66025,-5,1,120,97,8.2068,-4.97312,0,197,8.9958,-3.84787,160,3,3,2.07E-13,6.21E-13
0,4,8.66025,-5,1,120,96,8.8637,-4.59386,0,198,7.53928,-2.06212,137,81,81,2.62E-14,7.85E-14
0,4,8.66025,-5,1,120,95,8.21351,-4.96925,0,199,8.81735,-1.93676,138,17,17,2.80E-14,8.40E-14
0,4,8.66025,-5,1,120,94,8.857,-4.59773,0,200,8.45477,-3.19,159,62,62,1.04E-13,3.11E-13
0,4,8.66025,-5,1,120,93,8.22021,-4.96538,0,201,7.68729,-4.29761,160,148,148,2.07E-13,6.21E-13
0,4,8.66025,-5,1,120,92,8.8503,-4.6016,0,202,8.28955,-3.85869,160,113,113,2.07E-13,6.21E-13
0,4,8.66025,-5,1,120,91,8.22691,-4.96151,0,203,7.14481,-1.06854,119,59,59,1.19E-14,3.58E-14
0,4,8.66025,-5,1,120,90,8.84359,-4.60547,0,204,5.25993,-2.6621,120,76,76,1.26E-14,3.77E-14
0,4,8.66025,-5,1,120,89,8.23362,-4.95764,0,205,6.13076,-3.83526,143,39,39,3.65E-14,1.10E-13
0,4,8.66025,-5,1,120,88,8.83689,-4.60934,0,206,5.44289,-3.01879,125,52,52,1.58E-14,4.75E-14
0,4,8.66025,-5,1,120,87,8.24032,-4.95377,0,207,4.65955,-4.70511,122,7,7,1.35E-14,4.06E-14
0,4,8.66025,-5,1,120,86,8.83019,-4.61321,0,208,8.86146,-1.12473,124,121,121,1.48E-14,4.43E-14
0,4,8.66025,-5,1,120,85,8.24702,-4.9499,0,209,7.36116,-4.91581,160,143,143,1.86E-13,5.58E-13
0,4,8.66025,-5,2,240,99,8.87041,-5.41001,0,210,5.77626,-5.24646,141,85,85,3.29E-14,9.86E-14
0,4,8.66025,-5,2,240,98,8.2001,-5.02301,0,211,8.06796,-9.73617,111,93,93,8.81E-15,2.64E-14
0,4,8.66025,-5,2,240,97,8.8637,-5.40614,0,212,9.15651,-6.09258,160,63,63,2.07E-13,6.21E-13
0,4,8.66025,-5,2,240,96,8.2068,-5.02688,0,213,4.20564,-6.18834,113,79,79,9.56E-15,2.87E-14
0,4,8.66025,-5,2,240,95,8.857,-5.40227,0,214,6.48543,-6.0761,148,23,23,5.27E-14,1.58E-13
0,4,8.66025,-5,2,240,94,8.21351,-5.03075,0,215,9.14602,-8.24507,135,111,111,2.33E-14,6.98E-14
0,4,8.66025,-5,2,240,93,8.8503,-5.3984,0,216,5.68343,-5.66017,138,122,122,2.85E-14,8.54E-14
0,4,8.66025,-5,2,240,92,8.22021,-5.03462,0,217,9.55891,-7.18439,151,71,71,5.65E-14,1.70E-13
0,4,8.66025,-5,2,240,91,8.84359,-5.39453,0,218,8.59474,-8.62614,128,54,54,1.77E-14,5.30E-14
0,4,8.66025,-5,2,240,90,8.22691,-5.03849,0,219,9.34974,-6.35702,160,49,49,1.46E-13,4.38E-13
0,4,8.66025,-5,2,240,89,8.83689,-5.39066,0,220,9.14337,-6.09845,160,96,96,2.07E-13,6.21E-13
0,4,8.66025,-5,2,240,88,8.23362,-5.04236,0,221,8.44604,-6.18073,160,149,149,2.07E-13,6.21E-13
0,4,8.66025,-5,2,240,87,8.83019,-5.38679,0,222,7.89205,-6.5171,159,63,63,1.19E-13,3.58E-13
0,4,8.66025,-5,2,240,86,8.24032,-5.04623,0,223,5.07445,-7.34381,118,117,117,1.14E-14,3.43E-14
0,4,8.66025,-5,2,240,85,8.82348,-5.38292,0,224,8.26879,-6.13435,160,109,109,2.07E-13,6.21E-13
0,5,-4.37E-07,-10,0,0,99,0.25,-9.613,0,225,1.15961,-10.6456,160,100,100,1.81E-13,5.43E-13
0,5,-4.37E-07,-10,0,0,98,0.25,-10.387,0,226,2.24681,-7.1299,128,113,113,1.74E-14,5.23E-14
0,5,-4.37E-07,-10,0,0,97,0.25,-9.62074,0,227,3.83044,-11.439,120,107,107,1.29E-14,3.86E-14
0,5,-4.37E-07,-10,0,0,96,0.25,-10.3793,0,228,1.16933,-10.2696,160,27,27,2.07E-13,6.21E-13
0,5,-4.37E-07,-10,0,0,95,0.25,-9.62848,0,229,1.19959,-9.96865,160,2,2,2.07E-13,6.21E-13
0,5,-4.37E-07,-10,0,0,94,0.25,-10.3715,0,230,1.32384,-11.7663,154,101,101,6.70E-14,2.01E-13
0,5,-4.37E-07,-10,0,0,92,0.25,-10.3638,0,232,1.13696,-9.61617,160,118,118,2.07E-13,6.21E-13
0,5,-4.37E-07,-10,0,0,90,0.25,-10.356,0,234,3.4065,-8.88867,129,128,128,1.83E-14,5.48E-14
0,5,-4.37E-07,-10,0,0,89,0.25,-9.6517,0,235,1.14418,-10.3617,160,115,115,2.07E-13,6.21E-13
0,5,-4.37E-07,-10,0,0,88,0.25,-10.3483,0,236,1.14271,-10.3664,160,131,131,2.07E-13,6.21E-13
0,5,-4.37E-07,-10,0,0,87,0.25,-9.65944,0,237,1.56831,-7.87292,146,135,135,4.21E-14,1.26E-13
0,5,-4.37E-07,-10,0,0,86,0.25,-10.3406,0,238,1.12609,-10.4146,160,36,36,2.07E-13,6.21E-13
0,5,-4.37E-07,-10,0,0,85,0.25,-9.66718,0,239,0.691103,-9.01899,160,42,42,2.07E-13,6.21E-13
0,5,-4.37E-07,-10,1,120,99,-0.460152,-9.97699,0,240,-1.11064,-9.5456,160,110,110,2.07E-13,6.21E-13
0,5,-4.37E-07,-10,1,120,98,0.210151,-9.58999,0,241,-1.17957,-9.08012,160,108,108,1.50E-13,4.51E-13
0,5,-4.37E-07,-10,1,120,97,-0.453449,-9.97312,0,242,0.329815,-8.84621,160,148,148,2.07E-13,6.21E-13
0,5,-4.37E-07,-10,1,120,94,0.196745,-9.59773,0,245,-1.83617,-6.81412,127,99,99,1.70E-14,5.11E-14
0,5,-4.37E-07,-10,1,120,93,-0.440043,-9.96538,0,246,-0.394437,-8.7426,160,104,104,1.83E-13,5.49E-13
0,5,-4.37E-07,-10,1,120,92,0.190042,-9.6016,0,247,-3.24801,-7.9454,124,106,106,1.51E-14,4.54E-14
0,5,-4.37E-07,-10,1,120,91,-0.43334,-9.96151,0,248,0.214108,-5.64153,116,69,69,1.09E-14,3.28E-14
0,5,-4.37E-07,-10,1,120,90,0.183339,-9.60547,0,249,0.210592,-8.37682,159,95,95,1.28E-13,3.85E-13
0,5,-4.37E-07,-10,1,120,89,-0.426637,-9.95764,0,250,0.0735493,-7.55237,148,109,109,5.15E-14,1.55E-13
0,5,-4.37E-07,-10,1,120,87,-0.419934,-9.95377,0,252,0.365045,-8.85687,160,142,142,2.07E-13,6.21E-13
0,5,-4.37E-07,-10,1,120,86,0.169933,-9.61321,0,253,-1.68195,-9.82923,159,56,56,1.21E-13,3.62E-13
0,5,-4.37E-07,-10,1,120,85,-0.413231,-9.9499,0,254,-0.137845,-8.80794,160,65,65,2.07E-13,6.21E-13
0,5,-4.37E-07,-10,2,240,99,0.210151,-10.41,0,255,1.34427,-12.4484,143,62,62,3.62E-14,1.09E-13
0,5,-4.37E-07,-10,2,240,98,-0.460152,-10.023,0,256,-3.04904,-11.9715,128,58,58,1.76E-14,5.29E-14
0,5,-4.37E-07,-10,2,240,97,0.203448,-10.4061,0,257,0.794905,-11.6509,159,44,44,1.02E-13,3.07E-13
0,5,-4.37E-07,-10,2,240,96,-0.453449,-10.0269,0,258,-2.30957,-12.3081,135,2,2,2.36E-14,7.07E-14
0,5,-4.37E-07,-10,2,240,95,0.196745,-10.4023,0,259,-0.219517,-11.1798,160,25,25,2.07E-13,6.21E-13
0,5,-4.37E-07,-10,2,240,94,-0.446746,-10.0307,0,260,-2.20083,-11.4327,146,22,22,4.28E-14,1.28E-13
0,5,-4.37E-07,-10,2,240,93,0.190042,-10.3984,0,261,0.809866,-11.8696,156,14,14,8.11E-14,2.43E-13
0,5,-4.37E-07,-10,2,240,92,-0.440043,-10.0346,0,262,-1.95818,-11.2512,152,136,136,5.89E-14,1.77E-13
0,5,-4.37E-07,-10,2,240,91,0.183339,-10.3945,0,263,-1.76645,-10.2036,159,148,148,1.09E-13,3.27E-13
0,5,-4.37E-07,-10,2,240,90,-0.43334,-10.0385,0,264,-1.64895,-11.8403,148,88,88,5.03E-14,1.51E-13
0,5,-4.37E-07,-10,2,240,89,0.176636,-10.3907,0,265,-2.89605,-13.8672,110,0,0,8.56E-15,2.57E-14
0,5,-4.37E-07,-10,2,240,88,-0.426637,-10.0424,0,266,-0.869221,-10.8273,160,110,110,2.07E-13,6.21E-13
0,5,-4.37E-07,-10,2,240,87,0.169933,-10.3868,0,267,-2.05478,-10.1346,156,106,106,7.91E-14,2.37E-13
0,5,-4.37E-07,-10,2,240,86,-0.419934,-10.0462,0,268,-2.03263,-13.6455,119,78,78,1.22E-14,3.66E-14
0,5,-4.37E-07,-10,2,240,85,0.16323,-10.3829,0,269,-0.0886673,-11.1967,160,55,55,2.07E-13,6.21E-13
0,6,-8.66026,-5,0,0,99,-8.41026,-4.613,0,270,-6.87922,-7.88545,133,38,38,2.12E-14,6.37E-14
0,6,-8.66026,-5,0,0,98,-8.41026,-5.387,0,271,-5.73863,-6.74579,132,5,5,2.10E-14,6.31E-14
0,6,-8.66026,-5,0,0,97,-8.41026,-4.62074,0,272,-7.99984,-6.00192,160,82,82,2.07E-13,6.21E-13
0,6,-8.66026,-5,0,0,96,-8.41026,-5.37926,0,273,-5.76346,-6.01362,138,123,123,2.80E-14,8.39E-14
0,6,-8.66026,-5,0,0,95,-8.41026,-4.62848,0,274,-6.9221,-2.69942,141,40,40,3.32E-14,9.96E-14
0,6,-8.66026,-5,0,0,94,-8.41026,-5.37152,0,275,-6.30906,-2.22604,128,120,120,1.76E-14,5.27E-14
0,6,-8.66026,-5,0,0,93,-8.41026,-4.63622,0,276,-6.06538,-2.67969,131,33,33,1.98E-14,5.93E-14
0,6,-8.66026,-5,0,0,92,-8.41026,-5.36378,0,277,-7.81984,-5.85656,160,13,13,2.07E-13,6.21E-13
0,6,-8.66026,-5,0,0,91,-8.41026,-4.64396,0,278,-7.03568,-5.38427,159,97,97,1.24E-13,3.71E-13
0,6,-8.66026,-5,0,0,90,-8.41026,-5.35604,0,279,-6.66401,-5.1607,157,17,17,8.43E-14,2.53E-13
0,6,-8.66026,-5,0,0,89,-8.41026,-4.6517,0,280,-5.40112,-3.22836,127,11,11,1.66E-14,4.99E-14
0,6,-8.66026,-5,0,0,88,-8.41026,-5.3483,0,281,-6.66054,-6.39786,148,74,74,5.20E-14,1.56E-13
0,6,-8.66026,-5,0,0,87,-8.41026,-4.65944,0,282,-4.32809,-4.29234,116,91,91,1.08E-14,3.23E-14
0,6,-8.66026,-5,0,0,86,-8.41026,-5.34056,0,283,-5.75213,-4.82901,141,36,36,3.23E-14,9.69E-14
0,6,-8.66026,-5,0,0,85,-8.41026,-4.66718,0,284,-7.51476,-4.64246,160,16,16,2.07E-13,6.21E-13
0,6,-8.66026,-5,0,0,84,-8.41026,-5.33282,0,327,-7.57002,-4.49862,160,96,96,2.07E-13,6.21E-13
0,6,-8.66026,-5,1,120,99,-9.12041,-4.97699,0,285,-12.6249,-4.01568,120,3,3,1.29E-14,3.87E-14
0,6,-8.66026,-5,1,120,98,-8.4501,-4.58999,0,286,-9.86024,-4.99454,160,127,127,2.07E-13,6.21E-13
0,6,-8.66026,-5,1,120,97,-9.1137,-4.97312,0,287,-9.64821,-4.31886,160,104,104,2.07E-13,6.21E-13
0,6,-8.66026,-5,1,120,96,-8.45681,-4.59386,0,288,-8.78787,-3.8068,160,98,98,2.07E-13,6.21E-13
0,6,-8.66026,-5,1,120,95,-9.107,-4.96925,0,289,-8.98834,-3.84572,160,65,65,2.07E-13,6.21E-13
0,6,-8.66026,-5,1,120,94,-8.46351,-4.59773,0,290,-8.26062,-2.87892,155,145,145,7.07E-14,2.12E-13
0,6,-8.66026,-5,1,120,93,-9.1003,-4.96538,0,291,-10.7029,-1.77184,125,90,90,1.54E-14,4.62E-14
0,6,-8.66026,-5,1,120,92,-8.47021,-4.6016,0,292,-9.73667,-4.46958,160,97,97,2.07E-13,6.21E-13
0,6,-8.66026,-5,1,120,91,-9.0936,-4.96151,0,293,-7.90373,-0.372289,112,26,26,9.18E-15,2.75E-14
0,6,-8.66026,-5,1,120,90,-8.47692,-4.60547,0,294,-6.83582,-0.515809,110,83,83,8.52E-15,2.56E-14
0,6,-8.66026,-5,1,120,89,-9.08689,-4.95764,0,295,-7.57161,-2.56266,145,93,93,4.10E-14,1.23E-13
0,6,-8.66026,-5,1,120,88,-8.48362,-4.60934,0,296,-9.04354,-0.606989,116,54,54,1.06E-14,3.19E-14
0,6,-8.66026,-5,1,120,87,-9.08019,-4.95377,0,297,-12.4368,-4.65836,125,67,67,1.57E-14,4.71E-14
0,6,-8.66026,-5,1,120,86,-8.49032,-4.61321,0,298,-9.81383,-4.66944,160,5,5,2.07E-13,6.21E-13
0,6,-8.66026,-5,1,120,85,-9.07349,-4.9499,0,299,-8.26594,-3.86663,160,149,149,2.07E-13,6.21E-13
0,6,-8.66026,-5,2,240,99,-8.4501,-5.41,0,300,-10.5452,-7.62827,135,31,31,2.42E-14,7.26E-14
0,6,-8.66026,-5,2,240,98,-9.12041,-5.023,0,301,-10.6626,-5.11841,157,5,5,8.40E-14,2.52E-13
0,6,-8.66026,-5,2,240,97,-8.45681,-5.40613,0,302,-9.58992,-5.7807,160,126,126,2.04E-13,6.12E-13
0,6,-8.66026,-5,2,240,96,-9.1137,-5.02687,0,303,-7.07574,-8.54306,124,22,22,1.48E-14,4.43E-14
0,6,-8.66026,-5,2,240,95,-8.46351,-5.40226,0,304,-9.84479,-5.19205,160,119,119,2.07E-13,6.21E-13
0,6,-8.66026,-5,2,240,94,-9.107,-5.03074,0,305,-9.85815,-5.0711,160,62,62,2.07E-13,6.21E-13
0,6,-8.66026,-5,2,240,93,-8.47021,-5.39839,0,306,-9.99312,-9.08737,118,3,3,1.13E-14,3.40E-14
0,6,-8.66026,-5,2,240,92,-9.1003,-5.03461,0,307,-9.53719,-5.81913,160,148,148,2.07E-13,6.21E-13
0,6,-8.66026,-5,2,240,91,-8.47692,-5.39452,0,308,-9.87054,-9.34951,114,82,82,1.01E-14,3.02E-14
0,6,-8.66026,-5,2,240,90,-9.0936,-5.03848,0,309,-7.90354,-6.33794,160,126,126,1.44E-13,4.31E-13
0,6,-8.66026,-5,2,240,89,-8.48362,-5.39065,0,310,-10.419,-7.65519,136,103,103,2.52E-14,7.57E-14
0,6,-8.66026,-5,2,240,88,-9.08689,-5.04235,0,311,-10.5924,-8.88168,117,3,3,1.11E-14,3.33E-14
0,6,-8.66026,-5,2,240,87,-8.49032,-5.38678,0,312,-8.50652,-8.39728,132,68,68,2.11E-14,6.32E-14
1,6,-8.66026,-5,2,240,86,-9.08019,-5.04622,0,313,-12.0538,-6.43072,127,95,95,1.70E-14,5.09E-14
1,6,-8.66026,-5,2,240,85,-8.49702,-5.38291,0,314,-10.3337,-5.25777,159,107,107,1.20E-13,3.61E-13
1,6,-8.66026,-5,2,240,84,-9.07349,-5.05009,0,325,-9.03097,-9.28917,117,24,24,1.13E-14,3.39E-14
1,6,-8.66026,-5,2,240,83,-8.50373,-5.37904,0,326,-9.07726,-6.72059,159,89,89,1.10E-13,3.30E-13
