0,0.506336,0.49296,0.478705,0.522175,
0,0.506336,0.49296,0.478705,0.522175,
1,0.500176,0.5,0.499824,0.500176,
2,0.497888,0.500528,0.496128,0.499296,
3,0.497888,0.500528,0.496128,0.499296,
4,0.497888,0.500528,0.496128,0.499296,
5,0.497888,0.500528,0.4956,0.498768,
6,0.497888,0.500528,0.4956,0.498768,
7,0.50088,0.500528,0.497888,0.496304,
8,0.50088,0.500528,0.497888,0.496304,
9,0.498416,0.501408,0.502464,0.496128,
10,0.498416,0.501408,0.502464,0.496128,
11,0.498416,0.501408,0.502464,0.496128,
12,0.498416,0.501408,0.502464,0.496128,
13,0.496304,0.502464,0.501408,0.49824,
14,0.496304,0.502464,0.501408,0.49824,
15,0.496304,0.502464,0.501408,0.49824,
16,0.496304,0.502464,0.501408,0.49824,
17,0.496304,0.502464,0.501408,0.49824,
18,0.499648,0.50704,0.498768,0.497536,
19,0.501232,0.505808,0.49912,0.497008,
20,0.501232,0.505808,0.49912,0.497008,
21,0.501232,0.505808,0.49912,0.497008,
22,0.50352,0.505104,0.505808,0.501584,
23,0.505456,0.500704,0.504048,0.50088,
24,0.505456,0.500704,0.504048,0.50088,
25,0.50704,0.49648,0.503344,0.498944,
26,0.50704,0.496304,0.503344,0.498944,
27,0.50704,0.496304,0.503344,0.498944,
28,0.509856,0.501056,0.505104,0.499824,
29,0.509856,0.501056,0.505104,0.499824,
30,0.509856,0.501056,0.505104,0.499824,
31,0.509856,0.501056,0.505104,0.499824,
32,0.509856,0.501056,0.505104,0.499824,
33,0.509856,0.501056,0.505104,0.499824,
34,0.508096,0.50264,0.5044,0.50088,
35,0.508096,0.50264,0.5044,0.50088,
36,0.508096,0.50264,0.5044,0.50088,
37,0.508096,0.50264,0.5044,0.50088,
38,0.508096,0.50264,0.5044,0.50088,
39,0.508096,0.50264,0.5044,0.50088,
40,0.508096,0.50264,0.5044,0.50088,
41,0.508096,0.50264,0.5044,0.50088,
42,0.508096,0.50264,0.5044,0.50088,
43,0.508096,0.50264,0.5044,0.50088,
44,0.508096,0.50264,0.5044,0.50088,
45,0.508096,0.50264,0.5044,0.50088,
46,0.508096,0.50264,0.5044,0.50088,
47,0.508096,0.50264,0.5044,0.50088,
48,0.508096,0.50264,0.5044,0.50088,
49,0.508096,0.50264,0.5044,0.50088,
50,0.508096,0.50264,0.5044,0.50088,
51,0.507568,0.498592,0.50528,0.501056,
52,0.507568,0.498592,0.50528,0.501056,
53,0.507568,0.498592,0.50528,0.501056,
54,0.507568,0.498592,0.50528,0.501056,
55,0.507568,0.498592,0.50528,0.501056,
56,0.507568,0.498592,0.50528,0.501056,
57,0.507568,0.498592,0.50528,0.501056,
58,0.510032,0.497888,0.50176,0.5044,
59,0.510032,0.497888,0.50176,0.5044,
60,0.510032,0.497888,0.50176,0.5044,
61,0.508624,0.499472,0.501232,0.502288,
62,0.508624,0.499472,0.501232,0.502288,
63,0.508624,0.499472,0.501232,0.502288,
64,0.508624,0.499472,0.501232,0.502288,
65,0.507744,0.499472,0.501232,0.502288,
66,0.508624,0.503344,0.501936,0.502992,
67,0.507392,0.500704,0.505808,0.50528,
68,0.507392,0.500704,0.505808,0.50528,
69,0.50176,0.50352,0.503696,0.501408,
70,0.50176,0.50352,0.503696,0.501408,
71,0.50176,0.50352,0.503696,0.501408,
72,0.50176,0.50352,0.503696,0.501408,
73,0.50176,0.50352,0.503696,0.501408,
74,0.50176,0.50352,0.503696,0.501408,
75,0.50176,0.50352,0.503696,0.501408,
76,0.50176,0.50352,0.503696,0.501408,
77,0.50176,0.50352,0.503696,0.501408,
78,0.50176,0.503344,0.503696,0.501408,
79,0.50176,0.503344,0.503696,0.501408,
80,0.498768,0.505456,0.502288,0.49648,
81,0.498768,0.505456,0.502288,0.49648,
82,0.498768,0.505456,0.502288,0.49648,
83,0.498768,0.505456,0.502288,0.49648,
84,0.498768,0.505456,0.502288,0.49648,
85,0.498768,0.505456,0.502288,0.49648,
86,0.498768,0.505456,0.502288,0.49648,
87,0.498416,0.507568,0.500352,0.4956,
88,0.498416,0.507568,0.500352,0.4956,
89,0.498416,0.507568,0.500352,0.4956,
90,0.498416,0.507568,0.500352,0.4956,
91,0.494016,0.510208,0.499648,0.495952,
92,0.494016,0.510208,0.499648,0.495952,
93,0.494016,0.510208,0.499648,0.495952,
94,0.494016,0.510208,0.499648,0.495952,
95,0.494016,0.509856,0.499648,0.495952,
96,0.4912,0.506512,0.49648,0.497184,
97,0.4912,0.506512,0.49648,0.497184,
98,0.4912,0.506512,0.49648,0.497184,
99,0.4912,0.506512,0.49648,0.497184,
100,0.4912,0.506512,0.49648,0.497184,
101,0.4912,0.506512,0.49648,0.497184,
102,0.4912,0.50616,0.49648,0.497184,
103,0.4912,0.50616,0.49648,0.497184,
104,0.4912,0.50616,0.49648,0.497184,
105,0.4912,0.50616,0.49648,0.497184,
106,0.4912,0.50616,0.49648,0.497184,
107,0.4912,0.50616,0.49648,0.497184,
108,0.49384,0.507744,0.499824,0.49648,
109,0.49384,0.507392,0.499824,0.49648,
110,0.493488,0.501056,0.499824,0.500176,
111,0.493488,0.497536,0.500352,0.500704,
112,0.493488,0.497536,0.500352,0.500704,
113,0.493488,0.497536,0.500352,0.500704,
114,0.493488,0.497536,0.500352,0.500704,
115,0.494192,0.499472,0.496128,0.504224,
116,0.498768,0.50176,0.497184,0.506512,
117,0.498768,0.50176,0.497184,0.506512,
118,0.498768,0.50176,0.497184,0.506512,
119,0.498768,0.50176,0.497184,0.506512,
120,0.498768,0.50176,0.497184,0.506512,
121,0.498768,0.50176,0.497184,0.506512,
122,0.498768,0.50176,0.497184,0.506512,
123,0.498768,0.50176,0.497184,0.506512,
124,0.498768,0.50176,0.497184,0.506512,
125,0.498768,0.50176,0.497184,0.506512,
126,0.498768,0.50176,0.497184,0.506512,
127,0.500176,0.499648,0.494368,0.507568,
128,0.500176,0.499648,0.494368,0.507568,
129,0.499472,0.501408,0.497536,0.50704,
130,0.499472,0.501408,0.497536,0.50704,
131,0.499472,0.501408,0.497536,0.50704,
132,0.499472,0.501408,0.497536,0.50704,
133,0.499472,0.501408,0.497536,0.50704,
134,0.501232,0.505808,0.497712,0.511616,
135,0.501232,0.505808,0.497712,0.511616,
136,0.501232,0.505808,0.497712,0.511616,
137,0.501232,0.505808,0.497712,0.511616,
138,0.501232,0.505808,0.497712,0.511616,
139,0.501232,0.505808,0.497712,0.511616,
140,0.504928,0.506336,0.495248,0.507744,
141,0.504928,0.506336,0.495248,0.507744,
142,0.504928,0.506336,0.495248,0.507744,
143,0.504928,0.503872,0.495952,0.507216,
144,0.504928,0.503872,0.495952,0.507216,
145,0.504928,0.503872,0.495952,0.507216,
146,0.509152,0.508272,0.491552,0.509152,
147,0.510032,0.505632,0.491904,0.507392,
148,0.510032,0.505632,0.491904,0.507392,
149,0.510032,0.505632,0.491904,0.507392,
150,0.510032,0.505632,0.491904,0.507392,
151,0.510032,0.505632,0.491904,0.507392,
152,0.508096,0.504048,0.494544,0.505632,
153,0.508096,0.504048,0.494544,0.505632,
154,0.508096,0.504048,0.494544,0.505632,
155,0.508096,0.504048,0.494544,0.505632,
156,0.508096,0.504048,0.494544,0.505632,
157,0.508096,0.504048,0.494544,0.505632,
158,0.50616,0.508976,0.494192,0.504048,
159,0.509152,0.510208,0.497888,0.504752,
160,0.510032,0.510032,0.497008,0.511264,
161,0.508272,0.50968,0.4956,0.51056,
162,0.508272,0.50968,0.4956,0.51056,
163,0.508272,0.50968,0.4956,0.51056,
164,0.508272,0.50968,0.4956,0.51056,
165,0.508272,0.50968,0.4956,0.51056,
166,0.508272,0.50968,0.4956,0.51056,
167,0.508272,0.50968,0.4956,0.51056,
168,0.508272,0.50968,0.4956,0.51056,
169,0.508272,0.50968,0.4956,0.51056,
170,0.508272,0.50968,0.4956,0.51056,
171,0.508096,0.508976,0.4956,0.51056,
172,0.508096,0.508976,0.4956,0.51056,
173,0.508096,0.508976,0.4956,0.51056,
174,0.508096,0.508976,0.4956,0.51056,
175,0.508096,0.508976,0.4956,0.51056,
176,0.508448,0.505456,0.497008,0.508272,
177,0.508448,0.505456,0.497008,0.508272,
178,0.508448,0.505456,0.497008,0.508272,
179,0.508448,0.505456,0.497008,0.508272,
180,0.508448,0.505456,0.497008,0.508272,
181,0.508448,0.505456,0.497008,0.508272,
182,0.508448,0.505456,0.497008,0.508272,
183,0.508448,0.505456,0.497008,0.508272,
184,0.508448,0.505456,0.497008,0.508272,
185,0.5088,0.503696,0.498768,0.509152,
186,0.5088,0.503696,0.498768,0.509152,
187,0.5088,0.503696,0.498768,0.509152,
188,0.5088,0.503696,0.498768,0.509152,
189,0.5088,0.503696,0.498768,0.509152,
190,0.5088,0.503696,0.498768,0.509152,
191,0.5088,0.503696,0.498768,0.509152,
192,0.507216,0.505808,0.497536,0.508272,
193,0.5088,0.510032,0.499296,0.506512,
194,0.5088,0.510032,0.499296,0.506512,
195,0.509856,0.50792,0.498768,0.5132,
196,0.509856,0.50792,0.498768,0.5132,
197,0.509856,0.50792,0.498768,0.5132,
198,0.509856,0.50792,0.498768,0.5132,
199,0.509856,0.50792,0.498768,0.5132,
200,0.508448,0.506688,0.50088,0.515487,
201,0.508448,0.506688,0.50088,0.515487,
202,0.508448,0.506688,0.50088,0.515487,
203,0.508448,0.506688,0.50088,0.515487,
204,0.508448,0.506688,0.50088,0.515487,
205,0.510208,0.505456,0.501056,0.515136,
206,0.510208,0.505456,0.501056,0.515136,
207,0.510208,0.505456,0.501056,0.515136,
208,0.510208,0.505456,0.501056,0.515136,
209,0.510208,0.505456,0.501056,0.515136,
210,0.510208,0.505456,0.501056,0.515136,
211,0.514432,0.504224,0.502112,0.513904,
212,0.514432,0.504224,0.502112,0.513904,
213,0.514432,0.504224,0.502112,0.513904,
214,0.514432,0.504224,0.502112,0.513904,
215,0.514432,0.504224,0.502112,0.513904,
216,0.514256,0.505632,0.500176,0.51584,
217,0.517599,0.508624,0.498768,0.51584,
218,0.519007,0.508976,0.500176,0.515136,
219,0.520591,0.508448,0.498592,0.516895,
220,0.522175,0.50968,0.498592,0.520415,
221,0.522175,0.50968,0.498592,0.520415,
222,0.522175,0.50968,0.498592,0.520415,
223,0.522175,0.50968,0.498592,0.520415,
224,0.522175,0.50968,0.498592,0.520415,
225,0.522175,0.50968,0.498592,0.520415,
226,0.519887,0.51144,0.49648,0.518303,
227,0.519887,0.51144,0.49648,0.518303,
228,0.519887,0.51144,0.49648,0.518303,
229,0.519887,0.51144,0.49648,0.518303,
230,0.524287,0.512848,0.498416,0.518655,
231,0.524287,0.512848,0.498416,0.518655,
232,0.524287,0.512848,0.498416,0.518655,
233,0.524287,0.512848,0.498416,0.518655,
234,0.524815,0.515312,0.500176,0.519007,
235,0.524815,0.515312,0.500176,0.519007,
236,0.524815,0.515312,0.500176,0.519007,
237,0.524815,0.515312,0.500176,0.519007,
238,0.528511,0.516015,0.503344,0.519711,
239,0.528511,0.516015,0.503344,0.519711,
240,0.528511,0.516015,0.503344,0.519711,
241,0.528511,0.516015,0.503344,0.519711,
242,0.528511,0.516015,0.503344,0.519711,
243,0.528335,0.516015,0.503344,0.519711,
244,0.528335,0.516015,0.503344,0.519711,
245,0.528335,0.516015,0.503344,0.519711,
246,0.528335,0.516015,0.503344,0.519711,
247,0.527279,0.516015,0.504752,0.520415,
248,0.527279,0.516015,0.504752,0.520415,
249,0.531679,0.516543,0.504752,0.522879,
250,0.531679,0.516543,0.504752,0.522879,
251,0.531679,0.516543,0.504752,0.522879,
252,0.531679,0.516543,0.504752,0.522879,
253,0.529215,0.515664,0.499824,0.524639,
254,0.529215,0.515664,0.499824,0.524639,
255,0.529215,0.515664,0.499824,0.524639,
256,0.529215,0.515664,0.499824,0.524639,
257,0.529215,0.515664,0.499824,0.524639,
258,0.529215,0.515664,0.499824,0.524639,
259,0.532911,0.515487,0.502464,0.526047,
260,0.534671,0.51584,0.50352,0.526223,
261,0.534671,0.51584,0.50352,0.526223,
262,0.534671,0.51584,0.50352,0.526223,
263,0.534671,0.51584,0.50352,0.526223,
264,0.531503,0.517423,0.504928,0.523231,
265,0.533615,0.516543,0.50528,0.528335,
266,0.533615,0.516543,0.50528,0.528335,
267,0.533615,0.516543,0.50528,0.528335,
268,0.533615,0.516543,0.50528,0.528335,
269,0.533615,0.516543,0.50528,0.528335,
270,0.533615,0.516543,0.50528,0.528335,
271,0.533263,0.516543,0.50528,0.527983,
272,0.533263,0.516543,0.50528,0.527983,
273,0.533263,0.516543,0.50528,0.527983,
274,0.533263,0.516543,0.50528,0.527983,
275,0.533263,0.516543,0.50528,0.527983,
276,0.529039,0.517423,0.503344,0.526223,
277,0.531151,0.515312,0.502112,0.523055,
278,0.531151,0.515312,0.501936,0.522879,
279,0.531151,0.515312,0.501936,0.522879,
280,0.531151,0.515312,0.501936,0.522879,
281,0.531151,0.515312,0.501936,0.522879,
282,0.531151,0.515312,0.501936,0.522879,
283,0.534143,0.516191,0.504224,0.524815,
284,0.534143,0.516191,0.504224,0.524815,
285,0.534143,0.516191,0.504224,0.524815,
286,0.534143,0.516191,0.504224,0.524815,
287,0.534143,0.516191,0.504224,0.524815,
288,0.533791,0.516191,0.504224,0.524815,
289,0.533791,0.516191,0.504224,0.524815,
290,0.533791,0.516191,0.504224,0.524815,
291,0.533791,0.516191,0.504224,0.524815,
292,0.533791,0.516191,0.504224,0.524815,
293,0.533791,0.516191,0.504224,0.524815,
294,0.533791,0.516191,0.504224,0.524815,
295,0.533791,0.516191,0.504224,0.524815,
296,0.533791,0.516191,0.504224,0.524815,
297,0.531855,0.515664,0.501584,0.527103,
298,0.531855,0.515664,0.501584,0.527103,
299,0.531855,0.515664,0.501584,0.527103,
300,0.531855,0.515664,0.501584,0.527103,
301,0.531855,0.515664,0.501584,0.527103,
302,0.531855,0.515664,0.501584,0.527103,
303,0.530095,0.51144,0.504048,0.522351,
304,0.530095,0.51144,0.504048,0.522351,
305,0.530095,0.51144,0.504048,0.522351,
306,0.530095,0.51144,0.504048,0.522351,
307,0.530095,0.51144,0.504048,0.522351,
308,0.530095,0.51144,0.504048,0.522351,
309,0.530095,0.51144,0.504048,0.522351,
310,0.530095,0.51144,0.504048,0.522351,
311,0.527455,0.512672,0.502992,0.522879,
312,0.527455,0.512672,0.502992,0.522879,
313,0.527455,0.512672,0.502992,0.522879,
314,0.527455,0.512672,0.502992,0.522879,
315,0.527455,0.512672,0.502992,0.522879,
316,0.524815,0.509856,0.50528,0.524287,
317,0.523935,0.509856,0.504752,0.524287,
318,0.523935,0.509856,0.504752,0.524287,
319,0.523935,0.509856,0.504752,0.524287,
320,0.523935,0.509856,0.504752,0.524287,
321,0.523935,0.509856,0.504752,0.524287,
322,0.525167,0.511968,0.507392,0.524287,
323,0.527807,0.512848,0.505632,0.521999,
324,0.527807,0.512848,0.505632,0.521999,
325,0.527807,0.512848,0.505632,0.521999,
326,0.527807,0.512848,0.505632,0.521999,
327,0.527807,0.512848,0.505632,0.521999,
328,0.527807,0.512848,0.505632,0.521999,
329,0.527807,0.512848,0.505632,0.521999,
330,0.527807,0.512848,0.505632,0.521999,
331,0.527807,0.512848,0.505632,0.521999,
332,0.527807,0.512848,0.505632,0.521999,
333,0.527807,0.512848,0.505632,0.521999,
334,0.527807,0.512848,0.505632,0.521999,
335,0.527807,0.512848,0.505632,0.521999,
336,0.527807,0.512848,0.505632,0.521999,
337,0.527807,0.512848,0.505632,0.521999,
338,0.527807,0.512848,0.505632,0.521999,
339,0.527807,0.512848,0.505632,0.521999,
340,0.527807,0.512848,0.505632,0.521999,
341,0.525343,0.513904,0.504576,0.521119,
342,0.525343,0.513904,0.504576,0.521119,
343,0.525343,0.513904,0.504576,0.521119,
344,0.525343,0.513904,0.504576,0.521119,
345,0.525343,0.513904,0.504576,0.521119,
346,0.525343,0.513904,0.504576,0.521119,
347,0.525343,0.513904,0.504576,0.521119,
348,0.525343,0.513904,0.504576,0.521119,
349,0.525343,0.50704,0.506336,0.516191,
350,0.525343,0.50704,0.506336,0.516191,
351,0.525343,0.50704,0.506336,0.516191,
352,0.525343,0.50704,0.505984,0.516015,
353,0.525343,0.50704,0.505984,0.516015,
354,0.525343,0.50704,0.505984,0.516015,
355,0.528687,0.50616,0.501232,0.516015,
356,0.528687,0.50616,0.501232,0.516015,
357,0.528687,0.50616,0.501232,0.516015,
358,0.530799,0.504928,0.502464,0.516895,
359,0.530799,0.504928,0.502464,0.516895,
360,0.530799,0.504928,0.502464,0.516895,
361,0.530799,0.504928,0.502464,0.516895,
362,0.530799,0.504928,0.502464,0.516895,
363,0.528863,0.507216,0.502288,0.521647,
364,0.528863,0.507216,0.502288,0.521647,
365,0.528863,0.507216,0.502288,0.521647,
366,0.531327,0.504576,0.503344,0.527455,
367,0.531327,0.504576,0.503344,0.527455,
368,0.531327,0.504576,0.502288,0.526751,
369,0.531327,0.504576,0.502288,0.526751,
370,0.531327,0.504576,0.502288,0.526751,
371,0.526751,0.502112,0.503344,0.527103,
372,0.526751,0.502112,0.503344,0.527103,
373,0.527103,0.500352,0.505808,0.526927,
374,0.525519,0.501056,0.50968,0.527807,
375,0.525519,0.501056,0.50968,0.527807,
376,0.526223,0.498768,0.50352,0.531855,
377,0.526223,0.498768,0.50352,0.531855,
378,0.526223,0.498768,0.50352,0.531855,
379,0.526223,0.498768,0.50352,0.531855,
380,0.526223,0.498768,0.50352,0.531855,
381,0.526223,0.498768,0.50352,0.531855,
382,0.526223,0.498768,0.50352,0.531855,
383,0.526223,0.498768,0.50352,0.531855,
384,0.525695,0.49824,0.503872,0.533791,
385,0.525695,0.49824,0.503872,0.533791,
386,0.525695,0.49824,0.503872,0.533791,
387,0.525695,0.49824,0.503872,0.533791,
388,0.525695,0.49824,0.503872,0.533791,
389,0.525695,0.49824,0.503872,0.533791,
390,0.525695,0.49824,0.503872,0.533791,
391,0.525695,0.49824,0.503872,0.533791,
392,0.525695,0.50088,0.506864,0.532559,
393,0.525695,0.50088,0.506864,0.532559,
394,0.525695,0.50088,0.506864,0.532559,
395,0.525695,0.50088,0.506864,0.532559,
396,0.525695,0.50088,0.506864,0.532559,
397,0.524991,0.498592,0.509504,0.532383,
398,0.524991,0.498592,0.509504,0.532383,
399,0.524991,0.498592,0.509504,0.532383,
400,0.524991,0.498592,0.509504,0.532383,
401,0.524991,0.498592,0.509504,0.532383,
402,0.524991,0.498592,0.509504,0.532383,
403,0.524991,0.498592,0.509504,0.532383,
404,0.524991,0.498592,0.509504,0.532383,
405,0.524991,0.498592,0.509504,0.532383,
406,0.524991,0.498592,0.509504,0.532383,
407,0.524991,0.498592,0.509504,0.532383,
408,0.524991,0.498592,0.509504,0.532383,
409,0.526575,0.497008,0.509328,0.532911,
410,0.526575,0.497008,0.509328,0.532911,
411,0.526575,0.497008,0.509328,0.532911,
412,0.526575,0.497008,0.509328,0.532911,
413,0.526575,0.497008,0.509328,0.532911,
414,0.526575,0.497008,0.509328,0.532911,
415,0.526575,0.497008,0.509328,0.532911,
416,0.526575,0.497008,0.509328,0.532911,
417,0.526575,0.497008,0.509328,0.532911,
418,0.526575,0.497008,0.509328,0.532911,
419,0.526575,0.497008,0.509328,0.532911,
420,0.526575,0.497008,0.509328,0.532911,
421,0.526223,0.495072,0.508624,0.532559,
422,0.529391,0.497712,0.505456,0.530271,
423,0.529391,0.497712,0.505456,0.530271,
424,0.529391,0.497712,0.505456,0.530271,
425,0.529391,0.497712,0.505456,0.530271,
426,0.529391,0.497712,0.50528,0.530271,
427,0.529391,0.497712,0.50528,0.530271,
428,0.534319,0.49472,0.505104,0.532735,
429,0.534319,0.49472,0.505104,0.532735,
430,0.531855,0.495248,0.50792,0.533615,
431,0.531855,0.495248,0.50792,0.533615,
432,0.531855,0.495248,0.50792,0.533615,
433,0.531855,0.495248,0.50792,0.533615,
434,0.528863,0.49384,0.505808,0.532207,
435,0.531679,0.492608,0.511616,0.534319,
436,0.533087,0.493312,0.515136,0.534319,
437,0.533087,0.493312,0.515136,0.534319,
438,0.530447,0.493136,0.518127,0.533791,
439,0.530447,0.493136,0.518127,0.533791,
440,0.527631,0.490672,0.517599,0.533791,
441,0.527631,0.490672,0.517599,0.533791,
442,0.527631,0.490672,0.517599,0.533791,
443,0.527631,0.490672,0.517599,0.533791,
444,0.527631,0.490672,0.517599,0.533791,
445,0.526223,0.485568,0.516719,0.527103,
446,0.524287,0.486272,0.516719,0.528511,
447,0.524287,0.486272,0.516719,0.528511,
448,0.524287,0.486272,0.516719,0.528511,
449,0.523759,0.486272,0.516367,0.528511,
450,0.523759,0.486272,0.516367,0.528511,
451,0.523759,0.486272,0.516367,0.528511,
452,0.523759,0.486272,0.516367,0.528511,
453,0.525343,0.48504,0.51496,0.529919,
454,0.525343,0.48504,0.51496,0.529919,
455,0.525343,0.48504,0.51496,0.529919,
456,0.525343,0.48504,0.51496,0.529919,
457,0.525343,0.48504,0.51496,0.529919,
458,0.525343,0.48504,0.51496,0.529919,
459,0.525343,0.48504,0.51496,0.529919,
460,0.525343,0.48504,0.51496,0.529919,
461,0.525167,0.482577,0.51584,0.531327,
462,0.523231,0.483457,0.516367,0.528159,
463,0.523231,0.483457,0.516367,0.528159,
464,0.523231,0.483457,0.516367,0.528159,
465,0.523231,0.483457,0.516367,0.528159,
466,0.523231,0.483457,0.516367,0.528159,
467,0.527103,0.483633,0.513904,0.529039,
468,0.527103,0.483633,0.513904,0.529039,
469,0.524815,0.485392,0.51408,0.525519,
470,0.524815,0.485392,0.51408,0.525519,
471,0.524815,0.485392,0.51408,0.525519,
472,0.524815,0.485392,0.51408,0.525519,
473,0.524815,0.485392,0.51408,0.525519,
474,0.526047,0.487504,0.517599,0.527807,
475,0.526047,0.487504,0.517599,0.527807,
476,0.526047,0.487504,0.517599,0.527807,
477,0.525695,0.490848,0.51408,0.526751,
478,0.525695,0.490848,0.51408,0.526751,
479,0.525871,0.493664,0.512848,0.524463,
480,0.525871,0.493664,0.512848,0.524463,
481,0.522527,0.492432,0.513904,0.523407,
482,0.522527,0.492432,0.513904,0.523407,
483,0.519711,0.492432,0.51408,0.523055,
484,0.522703,0.49296,0.512144,0.520943,
485,0.522703,0.49296,0.512144,0.520943,
486,0.522703,0.49296,0.512144,0.520943,
487,0.522703,0.49296,0.512144,0.520943,
488,0.522703,0.49296,0.512144,0.520943,
489,0.522703,0.49296,0.512144,0.520943,
490,0.522703,0.49296,0.512144,0.520943,
491,0.522703,0.49296,0.512144,0.520943,
492,0.522703,0.49296,0.512144,0.520943,
493,0.524111,0.493488,0.512672,0.524287,
494,0.524111,0.493488,0.512672,0.524287,
495,0.524111,0.493488,0.512672,0.524287,
496,0.524111,0.493488,0.512672,0.524287,
497,0.524111,0.493488,0.512672,0.524287,
498,0.524111,0.493488,0.512672,0.524287,
499,0.524111,0.493488,0.512672,0.524287,
500,0.524111,0.493488,0.512672,0.524287,
501,0.524111,0.493488,0.512672,0.524287,
502,0.524111,0.493488,0.512672,0.524287,
503,0.524111,0.493488,0.512672,0.524287,
504,0.524111,0.493488,0.512672,0.524287,
505,0.526575,0.491904,0.507744,0.526927,
506,0.526575,0.491904,0.507744,0.526927,
507,0.526047,0.491904,0.507392,0.526927,
508,0.526047,0.491904,0.507392,0.526927,
509,0.526047,0.491904,0.507392,0.526927,
510,0.526047,0.491904,0.507392,0.526927,
511,0.529743,0.486448,0.505984,0.527983,
512,0.529743,0.486448,0.505984,0.527983,
513,0.529743,0.486448,0.505984,0.527983,
514,0.530095,0.489792,0.507744,0.529743,
515,0.530095,0.489792,0.507744,0.529743,
516,0.530095,0.489792,0.507744,0.529743,
517,0.530095,0.489792,0.507744,0.529743,
518,0.530095,0.489792,0.507744,0.529743,
519,0.531679,0.489088,0.511088,0.528511,
520,0.531679,0.489088,0.511088,0.528511,
521,0.531679,0.489088,0.511088,0.528511,
522,0.531679,0.489088,0.511088,0.528511,
523,0.531679,0.489088,0.511088,0.528511,
524,0.530799,0.485744,0.51408,0.528335,
525,0.530799,0.485744,0.51408,0.528335,
526,0.530799,0.485744,0.513904,0.528335,
527,0.530799,0.485744,0.513904,0.528335,
528,0.530271,0.484161,0.511968,0.525343,
529,0.530271,0.484161,0.511968,0.525343,
530,0.530271,0.484161,0.511968,0.525343,
531,0.530271,0.484161,0.511968,0.525343,
532,0.525695,0.483457,0.512848,0.526223,
533,0.525695,0.483457,0.512848,0.526223,
534,0.525695,0.483457,0.512848,0.526223,
535,0.525695,0.483457,0.512848,0.526223,
536,0.525695,0.483457,0.512848,0.526223,
537,0.525695,0.483457,0.512848,0.526223,
538,0.522175,0.48768,0.5132,0.528335,
539,0.522175,0.48768,0.5132,0.528335,
540,0.522175,0.48768,0.5132,0.528335,
541,0.523759,0.48768,0.515487,0.527807,
542,0.523759,0.48768,0.515487,0.527807,
543,0.523759,0.48768,0.515487,0.527807,
544,0.523759,0.48768,0.515487,0.527807,
545,0.523759,0.48768,0.515487,0.527807,
546,0.521119,0.4868,0.512672,0.527103,
547,0.521119,0.4868,0.512672,0.527103,
548,0.521119,0.4868,0.512672,0.527103,
549,0.525695,0.48592,0.51496,0.529215,
550,0.525695,0.48592,0.514784,0.529215,
551,0.527455,0.4868,0.513904,0.533087,
552,0.527455,0.4868,0.513904,0.533087,
553,0.527455,0.4868,0.513904,0.533087,
554,0.527103,0.48768,0.513904,0.534847,
555,0.527103,0.48768,0.513904,0.534847,
556,0.527103,0.48768,0.513904,0.534847,
557,0.527103,0.48768,0.513904,0.534847,
558,0.527103,0.48768,0.513904,0.534847,
559,0.527103,0.487504,0.5132,0.534847,
560,0.527103,0.487504,0.5132,0.534847,
561,0.527103,0.487504,0.5132,0.534847,
562,0.527103,0.487504,0.5132,0.534847,
563,0.527103,0.487504,0.5132,0.534847,
564,0.527103,0.487504,0.5132,0.534847,
565,0.526751,0.48856,0.516367,0.538895,
566,0.526751,0.48856,0.516367,0.538895,
567,0.526751,0.48856,0.516367,0.538895,
568,0.526751,0.48856,0.516367,0.538895,
569,0.526751,0.48856,0.516367,0.538895,
570,0.528335,0.483281,0.519359,0.539775,
571,0.528335,0.483281,0.519359,0.539775,
572,0.529567,0.481345,0.524111,0.541183,
573,0.529567,0.481169,0.523759,0.541183,
574,0.529567,0.481169,0.523759,0.541183,
575,0.529567,0.481169,0.523759,0.541183,
576,0.529567,0.481169,0.523759,0.541183,
577,0.529567,0.481169,0.523759,0.541183,
578,0.529567,0.481169,0.523759,0.541183,
579,0.529567,0.481169,0.523759,0.541183,
580,0.528687,0.479937,0.525871,0.542063,
581,0.528687,0.479937,0.525871,0.542063,
582,0.528687,0.479937,0.525871,0.542063,
583,0.527807,0.476945,0.526927,0.542591,
584,0.527807,0.476945,0.526927,0.542591,
585,0.527807,0.478705,0.527455,0.544175,
586,0.527807,0.478705,0.527455,0.544175,
587,0.529215,0.479585,0.528863,0.544703,
588,0.525695,0.483633,0.530447,0.545231,
589,0.525695,0.483633,0.530447,0.545231,
590,0.525695,0.483633,0.530447,0.545231,
591,0.525695,0.483633,0.530447,0.545231,
592,0.525695,0.483633,0.530447,0.545231,
593,0.524991,0.481873,0.529919,0.543999,
594,0.524991,0.481873,0.529919,0.543999,
595,0.524991,0.481873,0.529919,0.543999,
596,0.524111,0.479585,0.534319,0.543999,
597,0.526751,0.478001,0.538015,0.544879,
598,0.526751,0.478001,0.538015,0.544879,
599,0.526751,0.478001,0.537311,0.544879,
600,0.526751,0.478001,0.537311,0.544879,
601,0.526751,0.478001,0.537311,0.544879,
602,0.525695,0.477297,0.536431,0.544879,
603,0.525695,0.477297,0.536431,0.544879,
604,0.525695,0.477297,0.536431,0.544879,
605,0.525695,0.477121,0.535903,0.544879,
606,0.525695,0.477121,0.535903,0.544879,
607,0.525695,0.477121,0.535903,0.544879,
608,0.525695,0.477121,0.535903,0.544879,
609,0.525695,0.477121,0.535903,0.544879,
610,0.526751,0.479233,0.535727,0.548574,
611,0.526751,0.479233,0.535727,0.548574,
612,0.526751,0.479233,0.535727,0.548574,
613,0.526751,0.479233,0.535727,0.548574,
614,0.526751,0.479233,0.535727,0.548574,
615,0.526751,0.479233,0.535727,0.548574,
616,0.526751,0.479233,0.535727,0.548574,
617,0.526751,0.479233,0.535727,0.548574,
618,0.526751,0.479233,0.535727,0.548574,
619,0.526751,0.479233,0.535727,0.548574,
620,0.526751,0.479233,0.535727,0.548574,
621,0.526751,0.479233,0.535727,0.548574,
622,0.529215,0.480817,0.535551,0.546463,
623,0.528159,0.479585,0.535023,0.545407,
624,0.528159,0.479585,0.535023,0.545407,
625,0.528159,0.479585,0.535023,0.545407,
626,0.528159,0.479585,0.535023,0.545407,
627,0.525343,0.481697,0.537487,0.543999,
628,0.525343,0.481521,0.536607,0.543999,
629,0.525343,0.481521,0.536607,0.543999,
630,0.525343,0.481521,0.536607,0.543999,
631,0.525343,0.481521,0.536607,0.543999,
632,0.525343,0.481521,0.536607,0.543999,
633,0.525343,0.481521,0.536607,0.543999,
634,0.525343,0.481521,0.536607,0.543999,
635,0.525343,0.481521,0.536607,0.543999,
636,0.525343,0.481521,0.536607,0.543999,
637,0.525343,0.481521,0.536607,0.543999,
638,0.525343,0.481521,0.536607,0.543999,
639,0.525343,0.481521,0.536607,0.543999,
640,0.523407,0.474657,0.535903,0.546287,
641,0.523407,0.474657,0.535903,0.546287,
642,0.523407,0.474657,0.535903,0.546287,
643,0.521647,0.471489,0.537663,0.543823,
644,0.521647,0.471489,0.537663,0.543823,
645,0.521647,0.471489,0.537663,0.543823,
646,0.521647,0.471489,0.537663,0.543823,
647,0.521647,0.471489,0.537663,0.543823,
648,0.521647,0.471489,0.537663,0.543823,
649,0.521823,0.472897,0.537311,0.545055,
650,0.521471,0.469377,0.537487,0.54787,
651,0.521471,0.469377,0.537487,0.54787,
652,0.521471,0.469377,0.537487,0.54787,
653,0.521471,0.469377,0.537487,0.54787,
654,0.521471,0.469377,0.537487,0.54787,
655,0.521471,0.469377,0.537487,0.54787,
656,0.517775,0.471489,0.535551,0.548926,
657,0.517775,0.471489,0.535551,0.548926,
658,0.518303,0.470081,0.532031,0.552622,
659,0.515664,0.469025,0.528511,0.498944,
660,0.515664,0.469025,0.528511,0.498944,
661,0.515664,0.469025,0.528511,0.498944,
662,0.515664,0.469025,0.528511,0.498944,
663,0.515487,0.466385,0.532207,0.497888,
664,0.515487,0.466385,0.532207,0.497888,
665,0.515487,0.466385,0.532207,0.497888,
666,0.515487,0.466385,0.532207,0.497888,
667,0.516191,0.463921,0.537487,0.497008,
668,0.517423,0.465505,0.535727,0.499648,
669,0.517423,0.465505,0.535551,0.499648,
670,0.521295,0.465329,0.540127,0.496656,
671,0.521295,0.465329,0.540127,0.496656,
672,0.521295,0.465329,0.540127,0.496656,
673,0.521295,0.465329,0.540127,0.496656,
674,0.521295,0.465329,0.540127,0.496656,
675,0.519711,0.469377,0.537311,0.501232,
676,0.519711,0.469377,0.537311,0.501232,
677,0.519711,0.469377,0.537311,0.501232,
678,0.519711,0.469377,0.537311,0.501232,
679,0.519711,0.469377,0.537311,0.501232,
680,0.519711,0.469377,0.537311,0.501232,
681,0.519711,0.469377,0.537311,0.501232,
682,0.519711,0.469377,0.537311,0.501232,
683,0.519711,0.469377,0.537311,0.501232,
684,0.519711,0.469377,0.537311,0.501232,
685,0.519711,0.469377,0.537311,0.501232,
686,0.524287,0.471665,0.536255,0.501936,
687,0.524287,0.471665,0.536255,0.501936,
688,0.524287,0.471665,0.536255,0.501936,
689,0.523583,0.471665,0.535727,0.501936,
690,0.523583,0.471665,0.535727,0.501936,
691,0.523583,0.471665,0.535727,0.501936,
692,0.523583,0.471665,0.535727,0.501936,
693,0.525871,0.472897,0.533615,0.50352,
694,0.525871,0.472897,0.533615,0.50352,
695,0.525871,0.472897,0.533615,0.50352,
696,0.523935,0.469377,0.539423,0.503696,
697,0.523935,0.469377,0.539423,0.503696,
698,0.523935,0.469377,0.539423,0.503696,
699,0.523935,0.469377,0.539423,0.503696,
700,0.523935,0.469377,0.539423,0.503696,
701,0.523935,0.469377,0.539423,0.503696,
702,0.523935,0.469377,0.539423,0.503696,
703,0.523935,0.469377,0.539423,0.503696,
704,0.523935,0.469377,0.539423,0.503696,
705,0.523935,0.469377,0.538895,0.503696,
706,0.523935,0.469377,0.538895,0.503696,
707,0.523935,0.469377,0.538895,0.503696,
708,0.523935,0.469377,0.538895,0.503696,
709,0.523935,0.469377,0.538895,0.503696,
710,0.525519,0.470257,0.543647,0.502288,
711,0.524639,0.470785,0.546111,0.502992,
712,0.524639,0.470785,0.546111,0.502992,
713,0.524639,0.470785,0.546111,0.502992,
714,0.524639,0.470785,0.546111,0.502992,
715,0.524639,0.470785,0.546111,0.502992,
716,0.519535,0.470081,0.547166,0.502112,
717,0.521119,0.468321,0.543471,0.499824,
718,0.520767,0.468849,0.545759,0.49912,
719,0.520767,0.468849,0.545759,0.49912,
720,0.520767,0.468849,0.545759,0.49912,
721,0.520767,0.468849,0.545759,0.49912,
722,0.520767,0.468849,0.545759,0.49912,
723,0.520239,0.468145,0.549102,0.504576,
724,0.520943,0.464977,0.547342,0.5044,
725,0.520943,0.464977,0.547342,0.5044,
726,0.520943,0.464977,0.547342,0.5044,
727,0.525343,0.463393,0.547518,0.503344,
728,0.525343,0.463393,0.547518,0.503344,
729,0.525343,0.463393,0.547518,0.503344,
730,0.525343,0.463393,0.547518,0.503344,
731,0.524639,0.462865,0.548574,0.50352,
732,0.524639,0.462865,0.548574,0.50352,
733,0.524639,0.462865,0.548574,0.50352,
734,0.524639,0.462865,0.548574,0.50352,
735,0.524639,0.462865,0.548574,0.50352,
736,0.524639,0.462865,0.548574,0.50352,
737,0.524639,0.462865,0.548574,0.50352,
738,0.524639,0.462865,0.548398,0.50352,
739,0.522879,0.461985,0.549102,0.504752,
740,0.522879,0.461985,0.549102,0.504752,
741,0.522879,0.461985,0.549102,0.504752,
742,0.522879,0.461985,0.549102,0.504752,
743,0.522879,0.461985,0.549102,0.504752,
744,0.523759,0.460929,0.550158,0.50264,
745,0.523759,0.460929,0.50088,0.50264,
746,0.523759,0.460929,0.50088,0.50264,
747,0.523759,0.460929,0.50088,0.50264,
748,0.523759,0.460929,0.50088,0.50264,
749,0.523759,0.460929,0.50088,0.50264,
750,0.523759,0.460929,0.50088,0.50264,
751,0.523583,0.460577,0.500176,0.503168,
752,0.523583,0.460577,0.500176,0.503168,
753,0.523583,0.460577,0.500176,0.503168,
754,0.523583,0.460577,0.500176,0.503168,
755,0.528159,0.457585,0.500352,0.50528,
756,0.528159,0.457585,0.500352,0.50528,
757,0.530095,0.455473,0.502464,0.502288,
758,0.530095,0.455473,0.502464,0.502288,
759,0.530095,0.455473,0.502464,0.502288,
760,0.530095,0.455473,0.502464,0.502288,
761,0.530095,0.455473,0.502464,0.502288,
762,0.530095,0.455473,0.502464,0.502288,
763,0.530095,0.455473,0.502464,0.502288,
764,0.530095,0.455473,0.502464,0.502288,
765,0.530095,0.455473,0.502464,0.502288,
766,0.532207,0.451778,0.503168,0.499648,
767,0.532207,0.451778,0.503168,0.499648,
768,0.532207,0.451778,0.503168,0.499648,
769,0.533615,0.451074,0.503872,0.498416,
770,0.533615,0.451074,0.503872,0.498416,
771,0.533615,0.451074,0.503872,0.498416,
772,0.533615,0.451074,0.503872,0.498416,
773,0.533615,0.451074,0.503872,0.498416,
774,0.533615,0.451074,0.503872,0.498416,
775,0.533791,0.452834,0.502288,0.49736,
776,0.533791,0.452834,0.502288,0.49736,
777,0.533791,0.452834,0.502288,0.49736,
778,0.533791,0.452834,0.502288,0.49736,
779,0.535023,0.453713,0.503344,0.49648,
780,0.534495,0.453713,0.503344,0.49648,
781,0.537487,0.451426,0.501936,0.494192,
782,0.537487,0.451426,0.501936,0.494192,
783,0.537487,0.451426,0.501936,0.494192,
784,0.537487,0.451426,0.501936,0.494192,
785,0.536431,0.452834,0.499648,0.49472,
786,0.536431,0.452834,0.499648,0.49472,
787,0.536431,0.452834,0.499648,0.49472,
788,0.536431,0.452834,0.499648,0.49472,
789,0.537135,0.45125,0.49824,0.496304,
790,0.537135,0.45125,0.49824,0.496304,
791,0.537135,0.45125,0.49824,0.496304,
792,0.537135,0.45125,0.49824,0.496304,
793,0.537135,0.45125,0.49824,0.496304,
794,0.537135,0.45125,0.49824,0.496304,
795,0.534319,0.453361,0.496304,0.496656,
796,0.534319,0.453361,0.496304,0.496656,
797,0.534319,0.453361,0.496304,0.496656,
798,0.534319,0.453361,0.496304,0.496656,
799,0.534319,0.453361,0.496304,0.496656,
800,0.534319,0.451602,0.498944,0.496832,
801,0.534319,0.451602,0.498944,0.496832,
802,0.533263,0.452306,0.495776,0.496656,
803,0.535023,0.449666,0.499296,0.497184,
804,0.534143,0.5,0.499296,0.497184,
805,0.534143,0.5,0.499296,0.497184,
806,0.533615,0.500352,0.495952,0.496128,
807,0.533615,0.500352,0.495952,0.496128,
808,0.530975,0.501408,0.49472,0.4956,
809,0.530975,0.501408,0.49472,0.4956,
810,0.530975,0.501408,0.49472,0.4956,
811,0.530975,0.501408,0.49472,0.4956,
812,0.530975,0.501408,0.49472,0.4956,
813,0.530623,0.501408,0.49472,0.4956,
814,0.530623,0.501408,0.49472,0.4956,
815,0.530623,0.501408,0.49472,0.4956,
816,0.530623,0.501408,0.49472,0.4956,
817,0.530623,0.501408,0.49472,0.4956,
818,0.530623,0.501408,0.49472,0.4956,
819,0.530623,0.501408,0.49472,0.4956,
820,0.530623,0.501408,0.49472,0.4956,
821,0.529919,0.503344,0.494896,0.49384,
822,0.529919,0.503344,0.494896,0.49384,
823,0.532735,0.504048,0.494016,0.49472,
824,0.532735,0.504048,0.494016,0.49472,
825,0.532735,0.504048,0.494016,0.49472,
826,0.532735,0.504048,0.494016,0.49472,
827,0.532735,0.504048,0.494016,0.49472,
828,0.532735,0.504048,0.494016,0.49472,
829,0.532735,0.504048,0.494016,0.49472,
830,0.532735,0.504048,0.494016,0.49472,
831,0.533087,0.501936,0.490672,0.496656,
832,0.533087,0.501936,0.490672,0.496656,
833,0.533087,0.501936,0.490672,0.496656,
834,0.533087,0.501936,0.490672,0.496656,
835,0.533087,0.501936,0.490672,0.496656,
836,0.533087,0.501936,0.490672,0.496656,
837,0.533087,0.501936,0.490672,0.496656,
838,0.533087,0.501936,0.490672,0.496656,
839,0.533087,0.501936,0.490672,0.496656,
840,0.533087,0.501936,0.490672,0.496656,
841,0.533087,0.501936,0.490672,0.496656,
842,0.533087,0.501936,0.490672,0.496656,
843,0.533087,0.501936,0.490672,0.496656,
844,0.533087,0.501936,0.490672,0.496656,
845,0.533087,0.501936,0.490672,0.496656,
846,0.533087,0.501936,0.490672,0.496656,
847,0.533439,0.499472,0.49032,0.49736,
848,0.535023,0.501232,0.491376,0.499296,
849,0.535023,0.501232,0.491376,0.499296,
850,0.535023,0.501232,0.491376,0.499296,
851,0.535023,0.501232,0.491376,0.499296,
852,0.535023,0.501232,0.491376,0.499296,
853,0.535023,0.501232,0.491376,0.499296,
854,0.535023,0.501232,0.491376,0.499296,
855,0.535023,0.501232,0.491376,0.499296,
856,0.535023,0.501232,0.491376,0.499296,
857,0.535023,0.501232,0.491376,0.499296,
858,0.535023,0.501232,0.491376,0.499296,
859,0.534671,0.501232,0.491376,0.499296,
860,0.534671,0.501232,0.491376,0.499296,
861,0.534671,0.501232,0.491376,0.499296,
862,0.534671,0.501232,0.491376,0.499296,
863,0.534671,0.501232,0.491376,0.499296,
864,0.534671,0.501232,0.491376,0.499296,
865,0.534319,0.501408,0.489264,0.502288,
866,0.534319,0.501408,0.489264,0.502288,
867,0.532559,0.502816,0.488912,0.502816,
868,0.532559,0.502816,0.488912,0.502816,
869,0.535023,0.501936,0.490848,0.500352,
870,0.535023,0.501936,0.490848,0.500352,
871,0.535023,0.501936,0.490848,0.500352,
872,0.535023,0.499824,0.492784,0.500176,
873,0.535023,0.499824,0.492784,0.500176,
874,0.535023,0.499824,0.492784,0.500176,
875,0.535023,0.499824,0.492784,0.500176,
876,0.535375,0.501232,0.49296,0.50088,
877,0.535375,0.501232,0.49296,0.50088,
878,0.535375,0.501232,0.49296,0.50088,
879,0.535375,0.501232,0.49296,0.50088,
880,0.535375,0.501232,0.49296,0.50088,
881,0.535375,0.501232,0.49296,0.50088,
882,0.535375,0.501232,0.49296,0.50088,
883,0.535023,0.501232,0.49296,0.50088,
884,0.535023,0.501232,0.49296,0.50088,
885,0.536783,0.502288,0.497536,0.503872,
886,0.536783,0.502288,0.497536,0.503872,
887,0.538367,0.503872,0.495072,0.5044,
888,0.538367,0.503872,0.495072,0.5044,
889,0.538367,0.503872,0.495072,0.5044,
890,0.538367,0.503872,0.495072,0.5044,
891,0.537663,0.503872,0.495072,0.5044,
892,0.537663,0.503872,0.495072,0.5044,
893,0.537663,0.503872,0.495072,0.5044,
894,0.537663,0.503872,0.495072,0.5044,
895,0.537663,0.503872,0.495072,0.5044,
896,0.537663,0.503872,0.495072,0.5044,
897,0.537663,0.503872,0.495072,0.5044,
898,0.538543,0.506336,0.492432,0.505104,
899,0.538543,0.506336,0.492432,0.505104,
900,0.538543,0.504928,0.495776,0.502464,
901,0.538543,0.504928,0.495776,0.502464,
902,0.538543,0.504928,0.495776,0.502464,
903,0.538543,0.504928,0.495776,0.502464,
904,0.538543,0.504928,0.495776,0.502464,
905,0.538015,0.504928,0.495776,0.502464,
906,0.535903,0.50176,0.495248,0.499824,
907,0.533615,0.502288,0.494016,0.501056,
908,0.533615,0.502288,0.494016,0.501056,
909,0.533615,0.502288,0.494016,0.501056,
910,0.533615,0.502288,0.494016,0.501056,
911,0.533615,0.502288,0.494016,0.501056,
912,0.533615,0.502288,0.494016,0.501056,
913,0.533615,0.502288,0.494016,0.501056,
914,0.533615,0.496832,0.493664,0.500704,
915,0.533615,0.496832,0.493664,0.500704,
916,0.532559,0.497008,0.489968,0.498768,
917,0.529743,0.495952,0.489792,0.497888,
918,0.529743,0.495952,0.489792,0.497888,
919,0.529743,0.495952,0.489792,0.497888,
920,0.529743,0.495952,0.489792,0.497888,
921,0.529743,0.495952,0.489792,0.497888,
922,0.529743,0.490144,0.490848,0.495952,
923,0.529743,0.490144,0.490848,0.495952,
924,0.526927,0.491024,0.495072,0.5,
925,0.524815,0.491376,0.49824,0.501232,
926,0.524815,0.491376,0.49824,0.501232,
927,0.525343,0.491376,0.49824,0.499472,
928,0.525343,0.491376,0.49824,0.499472,
929,0.525343,0.491376,0.49824,0.499472,
930,0.525343,0.491376,0.49824,0.499472,
931,0.525343,0.491376,0.49824,0.499472,
932,0.525343,0.491376,0.49824,0.499472,
933,0.524287,0.494544,0.49912,0.500352,
934,0.521647,0.497008,0.498416,0.500176,
935,0.521647,0.497008,0.498416,0.500176,
936,0.521647,0.497008,0.498416,0.500176,
937,0.521647,0.497008,0.498416,0.500176,
938,0.521647,0.497008,0.498416,0.500176,
939,0.521647,0.497008,0.498416,0.500176,
940,0.519535,0.496832,0.49736,0.498768,
941,0.519535,0.496832,0.496656,0.498768,
942,0.519535,0.496832,0.496656,0.498768,
943,0.519535,0.496832,0.496656,0.498768,
944,0.519535,0.496832,0.496656,0.498768,
945,0.519007,0.49824,0.5,0.497888,
946,0.519007,0.49824,0.5,0.497888,
947,0.519007,0.49824,0.5,0.497888,
948,0.519711,0.49736,0.497712,0.497888,
949,0.519711,0.49736,0.497712,0.497888,
950,0.519711,0.49736,0.497712,0.497888,
951,0.519711,0.49736,0.497712,0.497888,
952,0.519711,0.49736,0.497712,0.497888,
953,0.519711,0.49736,0.497712,0.497888,
954,0.518655,0.494896,0.499296,0.496832,
955,0.518655,0.494896,0.499296,0.496832,
956,0.518655,0.494896,0.499296,0.496832,
957,0.518655,0.494896,0.499296,0.496832,
958,0.518655,0.494896,0.499296,0.496832,
959,0.518655,0.494896,0.499296,0.496832,
960,0.520239,0.497888,0.501056,0.497536,
961,0.520239,0.497888,0.501056,0.497536,
962,0.520239,0.497888,0.501056,0.497536,
963,0.520239,0.497888,0.501056,0.497536,
964,0.517951,0.498592,0.500352,0.496128,
965,0.517071,0.497536,0.501232,0.495072,
966,0.517071,0.497536,0.501232,0.495072,
967,0.521119,0.499472,0.500352,0.493664,
968,0.522175,0.49824,0.500704,0.494016,
969,0.523055,0.493136,0.502112,0.496128,
970,0.523055,0.493136,0.502112,0.496128,
971,0.523055,0.493136,0.502112,0.496128,
972,0.523055,0.493136,0.502112,0.496128,
973,0.523055,0.493136,0.502112,0.496128,
974,0.523583,0.490672,0.502288,0.493488,
975,0.523583,0.490672,0.502288,0.493488,
976,0.523583,0.490672,0.502288,0.493488,
977,0.523583,0.490672,0.502288,0.493488,
978,0.523583,0.490672,0.502288,0.493488,
979,0.523583,0.490672,0.502288,0.493488,
980,0.523583,0.490672,0.502288,0.493488,
981,0.523583,0.490672,0.502288,0.493488,
982,0.523583,0.490672,0.502288,0.493488,
983,0.523583,0.490672,0.502288,0.493488,
984,0.523583,0.490672,0.502288,0.493488,
985,0.523583,0.490672,0.502288,0.493488,
986,0.523583,0.490672,0.502288,0.493488,
987,0.529215,0.48944,0.50264,0.495776,
988,0.529215,0.48944,0.50264,0.495776,
989,0.529215,0.48944,0.50264,0.495776,
990,0.529215,0.48944,0.50264,0.495776,
991,0.529215,0.48944,0.50264,0.495776,
992,0.529215,0.48944,0.50264,0.495776,
993,0.529215,0.48944,0.50264,0.495776,
994,0.523407,0.490848,0.50088,0.498064,
995,0.523407,0.490848,0.50088,0.498064,
996,0.522527,0.489616,0.497712,0.498592,
997,0.522527,0.489616,0.497712,0.498592,
998,0.522527,0.489616,0.497712,0.498592,
999,0.522527,0.489616,0.497712,0.498592,
